"Tanggal","Terakhir","Pembukaan","Tertinggi","Terendah","Vol.","Perubahan%"
"19/11/2025","442,67","441,04","443,58","440,28","4,81B","0,55%"
"18/11/2025","440,24","444,51","446,18","438,73","5,14B","-1,00%"
"17/11/2025","444,68","444,02","446,76","443,66","6,44B","0,35%"
"14/11/2025","443,13","441,46","445,12","440,84","3,95B","0,43%"
"13/11/2025","441,25","446,11","446,52","440,89","6,54B","-1,09%"
"12/11/2025","446,11","443,56","448,25","443,01","7,92B","0,90%"
"11/11/2025","442,14","446,72","447,45","440,64","12,35B","-0,35%"
"10/11/2025","443,68","447,49","448,47","443,68","15,87B","-0,12%"
"07/11/2025","444,21","442,78","445,56","442,15","4,92B","0,32%"
"06/11/2025","442,78","445,39","445,66","441,49","3,98B","-0,52%"
"05/11/2025","445,08","439,94","445,08","437,90","13,16B","0,94%"
"04/11/2025","440,94","443,28","446,18","440,67","4,63B","-0,57%"
"03/11/2025","443,47","439,17","444,37","438,80","980,66M","1,49%"
"31/10/2025","436,96","440,45","441,92","435,86","5,93B","-0,84%"
"30/10/2025","440,65","440,72","446,13","438,95","12,66B","0,12%"
"29/10/2025","440,12","432,51","440,12","430,37","2,66B","1,63%"
"28/10/2025","433,04","434,05","436,27","429,21","4,33B","-0,09%"
"27/10/2025","433,45","437,58","440,71","424,67","7,79B","-0,20%"
"24/10/2025","434,30","433,47","439,15","433,39","2,97B","0,22%"
"23/10/2025","433,33","423,10","434,44","422,98","2,95B","2,66%"
"22/10/2025","422,11","429,49","431,63","421,58","3,02B","-1,50%"
"21/10/2025","428,55","421,14","428,70","420,08","3,99B","3,18%"
"20/10/2025","415,34","407,01","418,07","405,41","5,39B","3,58%"
"17/10/2025","401,00","405,87","407,08","398,38","4,30B","-1,16%"
"16/10/2025","405,68","403,80","408,55","402,26","2,82B","0,50%"
"15/10/2025","403,68","405,99","407,22","397,26","4,56B","0,14%"
"14/10/2025","403,13","413,18","415,58","403,13","6,20B","-2,14%"
"13/10/2025","411,94","410,48","416,07","408,40","3,76B","-0,77%"
"10/10/2025","415,14","418,03","418,03","413,88","3,48B","-0,79%"
"09/10/2025","418,44","411,16","420,49","408,96","4,04B","1,74%"
"08/10/2025","411,29","413,87","414,73","407,02","2,83B","-0,25%"
"07/10/2025","412,31","413,02","415,24","410,91","4,26B","0,36%"
"06/10/2025","410,83","414,16","415,67","410,07","5,97B","-0,37%"
"03/10/2025","412,36","412,59","414,15","410,72","9,64B","0,23%"
"02/10/2025","411,43","412,17","415,86","411,14","4,21B","-0,01%"
"01/10/2025","411,47","415,16","417,61","411,35","5,29B","-1,08%"
"30/09/2025","415,96","421,54","423,07","415,74","5,69B","-1,25%"
"29/09/2025","421,21","423,51","424,36","420,59","5,06B","-0,07%"
"26/09/2025","421,51","416,76","421,51","416,33","6,83B","0,87%"
"25/09/2025","417,89","423,73","425,16","417,86","8,39B","-1,57%"
"24/09/2025","424,56","425,96","426,72","421,67","3,23B","-0,05%"
"23/09/2025","424,79","422,29","424,79","419,93","5,81B","0,71%"
"22/09/2025","421,80","424,83","425,12","419,42","4,25B","-0,18%"
"19/09/2025","422,56","418,23","423,36","417,49","10,70B","0,43%"
"18/09/2025","420,74","426,63","426,86","419,13","5,93B","-0,72%"
"17/09/2025","423,79","419,26","423,79","416,71","3,32B","1,05%"
"16/09/2025","419,39","422,25","422,72","415,88","6,52B","-0,10%"
"15/09/2025","419,82","419,73","422,30","418,64","3,80B","0,59%"
"12/09/2025","417,34","416,52","418,01","413,98","3,38B","1,26%"
"11/09/2025","412,17","412,05","415,27","410,48","4,33B","1,46%"
"10/09/2025","406,23","402,39","406,51","402,13","2,97B","1,52%"
"09/09/2025","400,16","404,80","408,27","398,59","6,36B","-1,54%"
"08/09/2025","406,40","420,69","420,74","406,40","4,12B","-2,01%"
"04/09/2025","414,74","413,81","415,43","412,48","3,00B","0,12%"
"03/09/2025","414,24","412,90","416,77","411,16","3,36B","0,76%"
"02/09/2025","411,11","410,44","415,29","409,99","3,12B","0,52%"
"01/09/2025","408,98","399,21","410,89","395,70","5,01B","-1,08%"
"29/08/2025","413,46","417,98","419,41","411,37","5,53B","-1,88%"
"28/08/2025","421,36","422,39","424,80","421,36","2,35B","0,04%"
"27/08/2025","421,20","421,64","423,35","419,89","3,07B","-0,60%"
"26/08/2025","423,73","428,49","429,08","421,30","10,21B","-1,14%"
"25/08/2025","428,62","429,83","431,98","428,62","2,67B","0,74%"
"22/08/2025","425,47","429,79","430,08","425,47","3,18B","-0,78%"
"21/08/2025","428,80","427,91","429,90","425,86","4,07B","0,17%"
"20/08/2025","428,08","420,26","428,54","420,03","3,15B","1,48%"
"19/08/2025","421,82","423,79","423,96","419,90","6,25B","-0,58%"
"15/08/2025","424,29","428,34","429,75","424,18","4,01B","-0,71%"
"14/08/2025","427,33","429,89","432,26","427,33","5,30B","-0,42%"
"13/08/2025","429,13","429,32","432,36","426,63","5,30B","0,78%"
"12/08/2025","425,82","416,22","426,78","415,23","3,87B","3,04%"
"11/08/2025","413,26","412,09","414,78","411,55","2,97B","1,07%"
"08/08/2025","408,89","412,79","413,28","408,82","3,44B","-0,31%"
"07/08/2025","410,18","413,05","414,13","410,18","3,87B","-0,27%"
"06/08/2025","411,28","415,80","416,28","411,28","2,86B","-0,93%"
"05/08/2025","415,13","414,22","417,36","413,08","2,96B","0,82%"
"04/08/2025","411,75","412,78","414,32","409,37","3,38B","-0,12%"
"01/08/2025","412,26","414,73","415,85","410,93","4,62B","0,81%"
"31/07/2025","408,97","412,99","414,52","408,97","8,69B","-1,03%"
"30/07/2025","413,23","417,28","417,58","411,74","7,83B","-0,76%"
"29/07/2025","416,41","415,90","416,50","413,56","2,61B","0,21%"
"28/07/2025","415,53","414,93","416,13","413,48","4,77B","1,16%"
"25/07/2025","410,76","412,61","413,01","408,15","6,18B","-0,73%"
"24/07/2025","413,79","411,02","415,56","410,51","5,23B","1,06%"
"23/07/2025","409,46","407,41","409,46","404,99","5,22B","1,08%"
"22/07/2025","405,08","410,13","411,72","404,65","4,67B","-0,87%"
"21/07/2025","408,63","409,69","410,61","405,61","4,80B","0,41%"
"18/07/2025","406,97","409,95","411,87","406,97","9,99B","-0,19%"
"17/07/2025","407,75","404,53","408,43","403,65","4,55B","1,39%"
"16/07/2025","402,17","405,21","406,30","402,17","3,07B","-0,07%"
"15/07/2025","402,43","402,31","403,28","398,45","4,15B","0,29%"
"14/07/2025","401,28","407,32","408,05","398,48","4,59B","-1,19%"
"11/07/2025","406,10","403,67","406,10","402,96","2,65B","1,19%"
"10/07/2025","401,33","396,93","402,07","395,96","2,97B","1,58%"
"09/07/2025","395,09","392,85","395,09","391,89","2,57B","0,54%"
"08/07/2025","392,99","394,47","395,46","391,79","2,91B","-0,70%"
"07/07/2025","395,76","393,48","395,76","391,64","2,69B","0,67%"
"04/07/2025","393,11","395,02","397,31","391,30","3,63B","-0,29%"
"03/07/2025","394,24","395,57","397,71","394,17","4,40B","-0,10%"
"02/07/2025","394,62","394,52","396,66","391,54","5,68B","-0,57%"
"01/07/2025","396,88","401,18","401,73","394,38","3,20B","-0,49%"
"30/06/2025","398,85","400,66","401,62","394,84","6,00B","0,37%"
"26/06/2025","397,38","392,33","397,38","389,95","3,31B","1,40%"
"25/06/2025","391,90","398,53","399,27","390,21","4,03B","-0,83%"
"24/06/2025","395,16","396,60","401,24","394,98","6,42B","1,19%"
"23/06/2025","390,50","391,40","393,00","385,89","8,47B","-1,66%"
"20/06/2025","397,08","399,73","401,16","394,98","14,90B","-1,13%"
"19/06/2025","401,63","411,02","411,79","399,17","5,94B","-2,52%"
"18/06/2025","412,00","414,08","415,08","410,34","3,80B","-0,64%"
"17/06/2025","414,67","416,76","417,73","413,88","2,68B","0,11%"
"16/06/2025","414,22","414,85","417,56","413,70","4,60B","-0,39%"
"13/06/2025","415,85","417,81","419,20","414,04","6,15B","-0,76%"
"12/06/2025","419,02","421,39","421,51","417,95","5,24B","-0,56%"
"11/06/2025","421,38","421,70","422,25","418,98","8,07B","-0,40%"
"10/06/2025","423,06","419,46","423,55","419,10","11,74B","1,42%"
"05/06/2025","417,15","417,84","418,97","415,26","5,71B","0,36%"
"04/06/2025","415,65","419,04","419,94","414,73","8,28B","-0,04%"
"03/06/2025","415,81","416,40","417,57","410,24","6,76B","-0,06%"
"02/06/2025","416,07","420,73","422,66","413,99","9,35B","-2,35%"
"28/05/2025","426,08","428,99","430,16","424,55","14,86B","-0,50%"
"27/05/2025","428,21","428,80","429,74","425,51","11,37B","0,07%"
"26/05/2025","427,90","427,77","428,71","422,99","17,37B","0,28%"
"23/05/2025","426,68","428,98","429,27","424,50","3,97B","0,20%"
"22/05/2025","425,84","425,67","427,95","422,83","6,28B","0,45%"
"21/05/2025","423,94","420,62","426,54","419,80","8,45B","1,06%"
"20/05/2025","419,48","425,02","428,19","418,87","7,18B","-1,11%"
"19/05/2025","424,19","420,48","426,06","418,42","8,54B","0,85%"
"16/05/2025","420,64","419,47","420,64","411,89","8,37B","1,43%"
"15/05/2025","414,70","409,90","417,65","409,77","16,20B","1,47%"
"14/05/2025","408,70","403,31","408,90","403,00","9,75B","2,98%"
"09/05/2025","396,85","397,28","399,09","395,32","4,41B","0,30%"
"08/05/2025","395,68","404,10","406,49","395,44","11,16B","-1,75%"
"07/05/2025","402,73","402,96","404,62","401,49","4,50B","0,40%"
"06/05/2025","401,12","400,57","403,33","399,96","3,97B","0,58%"
"05/05/2025","398,81","398,90","402,46","397,66","6,69B","0,48%"
"02/05/2025","396,88","398,94","399,71","394,39","4,23B","0,38%"
"30/04/2025","395,36","392,52","396,79","389,94","7,31B","0,63%"
"29/04/2025","392,89","393,02","394,09","390,66","5,60B","0,42%"
"28/04/2025","391,27","392,72","393,79","390,19","3,39B","0,40%"
"25/04/2025","389,72","389,57","391,18","387,67","5,61B","1,04%"
"24/04/2025","385,72","389,72","392,58","383,74","4,89B","-0,36%"
"23/04/2025","387,13","381,52","387,26","381,37","4,93B","2,40%"
"22/04/2025","378,05","374,85","378,80","374,29","3,02B","0,81%"
"21/04/2025","375,03","376,69","377,48","372,28","2,19B","-0,20%"
"17/04/2025","375,77","374,68","376,99","372,29","3,87B","0,43%"
"16/04/2025","374,16","377,95","378,20","371,09","4,20B","-0,87%"
"15/04/2025","377,45","380,97","382,05","374,89","5,33B","-0,22%"
"14/04/2025","378,30","368,11","378,30","368,07","6,01B","1,69%"
"11/04/2025","372,01","366,61","373,87","363,83","3,88B","-0,19%"
"10/04/2025","372,73","377,46","380,22","369,93","7,39B","5,60%"
"09/04/2025","352,98","352,48","361,67","351,39","6,60B","0,08%"
"08/04/2025","352,69","342,54","356,52","340,58","8,94B","-8,83%"
"27/03/2025","386,86","383,64","386,86","379,58","3,25B","0,42%"
"26/03/2025","385,25","373,45","386,74","373,17","7,08B","5,16%"
"25/03/2025","366,36","360,60","368,33","359,45","3,13B","2,37%"
"24/03/2025","357,87","359,08","361,54","346,64","4,04B","-1,01%"
"21/03/2025","361,51","368,29","368,91","357,38","8,61B","-2,31%"
"20/03/2025","370,05","375,64","376,17","368,65","3,86B","-0,66%"
"19/03/2025","372,51","371,21","373,63","366,24","3,41B","0,60%"
"18/03/2025","370,30","380,15","381,19","356,53","8,42B","-2,47%"
"17/03/2025","379,69","380,47","382,36","377,13","3,40B","0,22%"
"14/03/2025","378,87","381,41","383,98","378,87","3,97B","-1,33%"
"13/03/2025","383,99","392,78","393,37","383,99","5,25B","-1,43%"
"12/03/2025","389,55","383,33","389,55","383,06","4,76B","2,16%"
"11/03/2025","381,33","381,08","383,29","378,18","5,87B","-0,98%"
"10/03/2025","385,10","387,76","388,91","383,51","5,35B","-1,39%"
"07/03/2025","390,54","391,97","393,14","388,02","11,58B","-0,23%"
"06/03/2025","391,42","392,97","396,85","391,27","4,46B","0,60%"
"05/03/2025","389,09","379,98","391,89","379,89","5,49B","2,79%"
"04/03/2025","378,53","382,61","383,92","376,43","4,83B","-0,97%"
"03/03/2025","382,24","372,17","386,29","369,96","6,77B","4,85%"
"28/02/2025","364,55","374,47","374,62","363,58","9,50B","-3,62%"
"27/02/2025","378,23","388,14","389,01","375,31","6,53B","-2,62%"
"26/02/2025","388,39","388,85","391,91","383,46","4,01B","0,11%"
"25/02/2025","387,96","398,43","399,87","387,96","5,06B","-2,89%"
"24/02/2025","399,49","401,07","402,02","397,08","1,91B","-0,62%"
"21/02/2025","401,97","402,49","403,82","400,00","4,17B","-0,65%"
"20/02/2025","404,60","404,67","406,82","400,99","3,66B","-0,38%"
"19/02/2025","406,14","416,07","416,99","404,55","4,22B","-2,52%"
"18/02/2025","416,64","414,27","420,72","413,66","5,11B","0,74%"
"17/02/2025","413,58","402,71","414,29","401,93","3,10B","3,20%"
"14/02/2025","400,76","401,40","404,43","397,75","3,16B","0,43%"
"13/02/2025","399,02","398,68","400,22","395,33","3,93B","-0,57%"
"12/02/2025","401,30","394,91","401,30","394,71","3,17B","1,70%"
"11/02/2025","394,57","396,49","399,92","392,33","3,90B","-1,23%"
"10/02/2025","399,47","403,09","405,96","398,93","4,91B","-1,81%"
"07/02/2025","406,85","400,67","406,85","395,13","5,26B","1,09%"
"06/02/2025","402,44","414,22","414,39","398,92","6,72B","-3,12%"
"05/02/2025","415,42","419,45","420,21","413,71","14,44B","-1,45%"
"04/02/2025","421,52","422,58","425,27","418,66","12,68B","0,03%"
"03/02/2025","421,41","424,49","424,82","415,32","4,00B","-1,20%"
"31/01/2025","426,53","425,09","431,52","424,32","3,55B","1,20%"
"30/01/2025","421,46","424,68","425,99","420,61","5,62B","-1,40%"
"24/01/2025","427,43","436,57","437,29","427,43","3,41B","-1,57%"
"23/01/2025","434,23","436,40","439,76","434,23","3,71B","-0,27%"
"22/01/2025","435,42","433,86","436,46","432,89","4,70B","1,25%"
"21/01/2025","430,05","432,57","435,86","430,05","6,31B","0,10%"
"20/01/2025","429,63","431,10","432,69","429,63","6,66B","0,24%"
"17/01/2025","428,62","425,61","431,55","422,96","6,79B","0,65%"
"16/01/2025","425,87","433,06","435,28","425,87","3,06B","0,19%"
"15/01/2025","425,04","414,16","425,71","414,16","3,88B","3,31%"
"14/01/2025","411,42","413,97","418,50","411,42","3,50B","-1,02%"
"13/01/2025","415,67","418,56","420,67","414,97","3,94B","-1,24%"
"10/01/2025","420,89","422,12","424,90","420,89","5,16B","-0,19%"
"09/01/2025","421,69","423,28","425,18","421,69","4,21B","-0,10%"
"08/01/2025","422,09","420,84","425,20","419,47","4,76B","0,58%"
"07/01/2025","419,65","422,97","424,36","419,16","5,07B","-1,08%"
"06/01/2025","424,21","430,53","431,58","423,68","9,80B","-1,29%"
"03/01/2025","429,75","430,10","432,35","428,66","7,75B","0,10%"
"02/01/2025","429,33","424,35","429,33","423,41","4,60B","1,38%"
"30/12/2024","423,48","421,10","424,00","419,46","7,42B","0,06%"
"27/12/2024","423,21","424,34","426,16","422,17","6,69B","-0,27%"
"24/12/2024","424,36","427,81","428,28","423,61","2,22B","-0,55%"
"23/12/2024","426,72","420,62","426,72","420,43","4,00B","2,55%"
"20/12/2024","416,13","417,02","420,53","414,31","4,37B","-0,26%"
"19/12/2024","417,23","420,29","421,46","415,34","5,51B","-2,14%"
"18/12/2024","426,37","430,77","433,84","426,33","2,89B","-0,88%"
"17/12/2024","430,17","438,62","440,58","429,37","6,41B","-2,41%"
"16/12/2024","440,77","439,99","443,61","435,96","8,48B","-0,58%"
"13/12/2024","443,33","445,32","447,60","441,45","3,47B","-1,05%"
"12/12/2024","448,05","453,44","454,67","447,32","3,54B","-1,98%"
"11/12/2024","457,10","454,37","461,37","454,37","9,34B","0,07%"
"10/12/2024","456,79","454,12","456,79","451,53","5,18B","0,47%"
"09/12/2024","454,63","446,85","454,63","446,85","10,93B","1,57%"
"06/12/2024","447,60","445,34","448,17","443,74","3,85B","0,23%"
"05/12/2024","446,58","451,84","452,15","445,06","2,68B","-1,20%"
"04/12/2024","452,02","444,74","453,22","443,52","5,08B","1,65%"
"03/12/2024","444,68","437,98","444,68","437,20","6,92B","3,08%"
"02/12/2024","431,39","439,04","440,99","431,39","4,57B","-1,67%"
"29/11/2024","438,73","443,27","444,95","438,73","8,46B","-2,02%"
"28/11/2024","447,75","448,49","450,52","446,39","6,89B","-0,92%"
"26/11/2024","451,91","460,33","460,49","451,91","5,10B","-1,48%"
"25/11/2024","458,68","451,34","459,64","451,15","12,86B","2,23%"
"22/11/2024","448,67","443,87","450,27","443,67","10,38B","1,38%"
"21/11/2024","442,58","445,79","448,00","442,58","4,21B","-1,06%"
"20/11/2024","447,32","450,75","451,90","446,64","5,33B","-0,32%"
"19/11/2024","448,74","444,18","451,14","442,82","8,73B","1,18%"
"18/11/2024","443,51","445,38","447,21","442,23","4,99B","-0,65%"
"15/11/2024","446,40","445,52","450,45","445,22","3,34B","-0,39%"
"14/11/2024","448,15","453,42","454,56","448,15","3,86B","-1,29%"
"13/11/2024","454,02","455,36","459,13","453,31","3,86B","0,27%"
"12/11/2024","452,80","451,63","454,59","449,02","4,74B","0,35%"
"11/11/2024","451,23","451,59","455,14","444,40","4,22B","-0,77%"
"08/11/2024","454,73","459,37","460,94","454,70","3,41B","-0,50%"
"07/11/2024","457,03","462,31","463,91","457,03","4,04B","-1,38%"
"06/11/2024","463,44","475,04","475,63","462,70","4,94B","-2,38%"
"05/11/2024","474,76","470,11","475,14","468,67","4,01B","0,86%"
"04/11/2024","470,71","469,61","473,27","464,21","5,86B","0,27%"
"01/11/2024","469,45","473,82","474,86","467,58","3,19B","-0,95%"
"31/10/2024","473,96","476,22","479,86","473,96","6,08B","-0,48%"
"30/10/2024","476,24","472,89","476,88","470,97","3,42B","-0,48%"
"29/10/2024","478,55","481,16","482,98","477,14","3,82B","-0,81%"
"28/10/2024","482,47","488,26","488,60","480,41","5,01B","-0,94%"
"25/10/2024","487,07","488,98","491,11","485,51","4,10B","-0,36%"
"24/10/2024","488,82","491,56","494,56","488,82","4,91B","-0,79%"
"23/10/2024","492,69","490,37","493,03","489,78","5,74B","0,11%"
"22/10/2024","492,14","491,87","494,32","490,65","10,36B","-0,42%"
"21/10/2024","494,21","495,70","496,15","491,98","5,69B","0,13%"
"18/10/2024","493,58","495,40","496,92","491,54","2,87B","0,23%"
"17/10/2024","492,46","487,70","494,89","486,86","3,68B","1,23%"
"16/10/2024","486,49","487,73","487,94","483,58","5,56B","0,12%"
"15/10/2024","485,88","483,47","486,63","481,73","4,95B","0,93%"
"14/10/2024","481,40","479,52","482,61","479,37","6,60B","0,32%"
"11/10/2024","479,88","483,35","483,65","479,36","2,66B","0,23%"
"10/10/2024","478,76","479,58","482,59","477,91","3,45B","-0,16%"
"09/10/2024","479,53","483,79","487,47","479,53","4,86B","-0,92%"
"08/10/2024","483,97","475,62","486,19","472,95","5,20B","1,33%"
"07/10/2024","477,60","479,29","481,23","475,41","10,12B","-0,39%"
"04/10/2024","479,49","482,23","483,25","476,70","10,45B","-0,84%"
"03/10/2024","483,56","484,05","485,90","480,96","5,39B","-0,01%"
"02/10/2024","483,58","485,43","489,91","480,53","6,98B","-1,33%"
"01/10/2024","490,12","484,86","490,25","484,35","3,33B","1,61%"
"30/09/2024","482,37","490,51","490,94","482,37","7,86B","-2,18%"
"27/09/2024","493,12","493,42","495,13","489,83","8,18B","-0,80%"
"26/09/2024","497,08","498,15","499,24","493,18","8,47B","-0,55%"
"25/09/2024","499,86","501,05","501,91","490,21","13,53B","-0,97%"
"24/09/2024","504,75","503,80","506,05","502,90","5,09B","0,15%"
"23/09/2024","503,99","496,95","503,99","496,58","6,77B","1,49%"
"20/09/2024","496,59","499,69","501,21","495,48","14,09B","-0,64%"
"19/09/2024","499,81","498,13","501,22","496,53","10,58B","0,95%"
"18/09/2024","495,10","494,97","497,23","492,69","10,27B","0,34%"
"17/09/2024","493,44","491,20","494,38","490,18","8,61B","0,90%"
"13/09/2024","489,03","488,89","489,42","486,04","5,41B","0,18%"
"12/09/2024","488,15","487,08","490,89","486,63","12,62B","0,73%"
"11/09/2024","484,62","484,28","485,80","482,42","3,76B","0,23%"
"10/09/2024","483,50","482,67","484,02","480,19","8,65B","0,62%"
"09/09/2024","480,52","481,63","483,08","476,87","2,49B","-0,10%"
"06/09/2024","481,00","478,51","482,97","478,14","1,97B","0,57%"
"05/09/2024","478,25","478,41","480,77","477,19","1,65B","0,10%"
"04/09/2024","477,78","474,20","479,07","472,68","2,04B","-0,10%"
"03/09/2024","478,23","483,74","485,24","477,36","2,10B","-0,91%"
"02/09/2024","482,61","480,75","484,82","479,99","2,20B","0,77%"
"30/08/2024","478,92","478,19","479,74","475,56","5,99B","0,45%"
"29/08/2024","476,78","483,03","483,15","476,78","2,67B","-0,78%"
"28/08/2024","480,50","478,92","481,71","475,41","2,87B","0,47%"
"27/08/2024","478,26","480,95","481,86","474,31","2,62B","-0,71%"
"26/08/2024","481,66","478,18","483,45","478,08","2,54B","0,81%"
"23/08/2024","477,80","475,27","480,02","475,02","2,23B","1,02%"
"22/08/2024","472,98","475,78","477,37","470,01","2,73B","-1,18%"
"21/08/2024","478,64","479,87","482,02","477,68","4,50B","0,42%"
"20/08/2024","476,61","473,52","477,77","471,62","4,26B","1,21%"
"19/08/2024","470,89","469,41","470,89","466,98","2,19B","0,19%"
"16/08/2024","469,99","469,59","471,68","468,05","2,02B","0,80%"
"15/08/2024","466,27","467,58","468,65","462,55","2,57B","-0,13%"
"14/08/2024","466,87","464,15","468,56","463,28","4,57B","1,07%"
"13/08/2024","461,90","460,76","462,49","458,81","2,66B","0,71%"
"12/08/2024","458,65","457,40","458,65","454,47","5,57B","0,61%"
"09/08/2024","455,86","456,37","458,61","455,34","2,76B","0,38%"
"08/08/2024","454,12","452,01","455,83","450,23","2,88B","0,50%"
"07/08/2024","451,88","449,27","453,26","448,90","2,79B","1,09%"
"06/08/2024","447,00","447,96","450,10","443,17","2,70B","0,83%"
"05/08/2024","443,34","452,70","453,24","440,46","7,88B","-3,32%"
"02/08/2024","458,54","459,11","461,91","456,28","3,53B","-0,63%"
"01/08/2024","461,45","456,61","461,51","455,60","2,73B","1,47%"
"31/07/2024","454,76","454,23","456,63","453,38","4,61B","0,39%"
"30/07/2024","452,98","457,02","457,65","451,97","2,71B","-1,01%"
"29/07/2024","457,58","460,93","461,75","456,28","2,88B","-0,42%"
"26/07/2024","459,50","459,88","461,66","458,86","2,14B","0,40%"
"25/07/2024","457,69","457,26","457,69","452,93","2,38B","0,17%"
"24/07/2024","456,94","459,15","460,45","455,82","3,80B","-0,87%"
"23/07/2024","460,95","463,85","464,32","459,46","13,68B","-0,28%"
"22/07/2024","462,24","462,33","463,45","460,31","2,91B","0,55%"
"19/07/2024","459,72","459,43","460,83","456,39","3,10B","-0,37%"
"18/07/2024","461,44","455,62","462,01","455,14","3,79B","1,46%"
"17/07/2024","454,82","454,62","457,35","453,56","10,64B","0,88%"
"16/07/2024","450,86","455,76","456,01","450,39","1,26B","-0,83%"
"15/07/2024","454,63","459,17","459,42","452,58","1,44B","-0,82%"
"12/07/2024","458,40","459,48","461,40","457,01","1,58B","0,56%"
"11/07/2024","455,86","456,89","458,60","454,50","2,67B","0,11%"
"10/07/2024","455,38","456,05","458,04","454,40","9,32B","0,14%"
"09/07/2024","454,76","452,29","457,42","450,50","1,74B","0,53%"
"08/07/2024","452,34","453,20","453,58","449,83","2,17B","0,02%"
"05/07/2024","452,25","451,37","454,30","449,66","1,56B","0,88%"
"04/07/2024","448,31","448,66","453,31","447,89","2,28B","0,26%"
"03/07/2024","447,13","447,41","447,61","443,02","1,83B","0,60%"
"02/07/2024","444,46","447,47","448,99","442,85","2,09B","-0,44%"
"01/07/2024","446,43","444,11","446,61","442,26","2,14B","0,78%"
"28/06/2024","442,97","436,89","445,82","436,67","3,25B","1,86%"
"27/06/2024","434,87","431,42","435,63","429,84","2,25B","1,44%"
"26/06/2024","428,70","429,73","433,45","428,35","3,22B","-0,24%"
"25/06/2024","429,73","429,66","430,15","425,25","3,60B","-0,43%"
"24/06/2024","431,58","431,70","434,64","430,75","3,13B","-0,16%"
"21/06/2024","432,28","425,26","436,05","424,46","10,42B","2,15%"
"20/06/2024","423,17","417,13","423,17","415,22","4,98B","2,09%"
"19/06/2024","414,50","417,50","421,00","413,85","11,01B","-0,63%"
"14/06/2024","417,14","425,00","425,95","415,51","5,30B","-1,90%"
"13/06/2024","425,22","431,76","432,18","424,70","7,50B","-0,43%"
"12/06/2024","427,08","430,08","430,88","426,17","6,25B","-0,64%"
"11/06/2024","429,84","437,75","439,23","429,84","6,89B","-2,35%"
"10/06/2024","440,21","441,82","442,35","438,04","13,71B","-0,18%"
"07/06/2024","441,02","445,31","446,07","440,41","3,43B","-0,66%"
"06/06/2024","443,96","443,77","445,88","440,57","4,97B","1,21%"
"05/06/2024","438,65","444,38","444,73","437,81","4,83B","-1,01%"
"04/06/2024","443,11","446,68","448,66","443,11","5,73B","0,11%"
"03/06/2024","442,61","437,64","444,42","436,53","4,43B","2,40%"
"31/05/2024","432,25","437,17","439,92","432,25","12,82B","-0,10%"
"30/05/2024","432,67","434,95","439,49","426,19","7,07B","-0,91%"
"29/05/2024","436,64","444,54","445,04","435,50","5,38B","-2,09%"
"28/05/2024","445,96","441,76","448,55","441,62","6,55B","1,10%"
"27/05/2024","441,12","449,11","450,31","440,63","8,65B","-2,14%"
"22/05/2024","450,75","449,66","453,02","448,13","4,19B","0,51%"
"21/05/2024","448,48","456,63","457,65","447,64","3,36B","-2,02%"
"20/05/2024","457,74","465,31","468,52","456,11","4,74B","-1,51%"
"17/05/2024","464,76","459,68","467,97","458,74","6,82B","1,18%"
"16/05/2024","459,35","457,65","460,98","456,32","4,42B","0,92%"
"15/05/2024","455,18","451,93","456,98","450,92","2,83B","0,81%"
"14/05/2024","451,51","452,87","455,08","450,71","2,87B","-0,48%"
"13/05/2024","453,67","450,14","454,71","448,69","3,72B","0,06%"
"08/05/2024","453,42","455,42","459,64","451,72","3,86B","-0,28%"
"07/05/2024","454,70","458,98","460,12","454,26","3,93B","-0,93%"
"06/05/2024","458,96","462,31","463,02","455,69","5,69B","0,23%"
"03/05/2024","457,92","458,63","460,99","453,48","6,10B","0,50%"
"02/05/2024","455,63","469,88","470,30","453,04","4,30B","-3,19%"
"01/05/2024","470,64","468,11","474,52","466,67","","0,00%"
"30/04/2024","470,64","468,11","474,52","466,67","5,31B","1,34%"
"29/04/2024","464,40","453,96","465,50","453,60","4,17B","1,87%"
"26/04/2024","455,88","466,20","467,56","455,88","3,92B","-2,69%"
"25/04/2024","468,46","471,54","472,62","467,13","3,23B","-0,84%"
"24/04/2024","472,42","472,22","475,23","469,02","4,61B","0,44%"
"23/04/2024","470,35","470,79","475,82","468,40","4,70B","0,61%"
"22/04/2024","467,48","468,21","470,10","462,80","3,48B","0,14%"
"19/04/2024","466,84","470,39","471,52","464,37","5,14B","-1,60%"
"18/04/2024","474,44","473,34","476,66","471,33","3,57B","0,75%"
"17/04/2024","470,93","477,68","479,71","470,93","4,54B","-0,54%"
"16/04/2024","473,50","469,77","479,84","468,22","7,19B","-3,00%"
"05/04/2024","488,17","489,29","491,93","488,17","2,08B","-0,45%"
"04/04/2024","490,37","484,40","491,23","484,39","2,35B","1,28%"
"03/04/2024","484,16","489,05","490,31","482,93","2,75B","-1,55%"
"02/04/2024","491,79","491,60","492,69","484,01","3,89B","-0,12%"
"01/04/2024","492,38","500,87","501,74","486,47","2,63B","-1,75%"
"28/03/2024","501,16","500,95","504,04","498,07","3,39B","-0,43%"
"27/03/2024","503,32","507,22","508,01","502,55","3,17B","-0,82%"
"26/03/2024","507,46","504,88","508,09","504,21","4,35B","-0,45%"
"25/03/2024","509,78","505,80","509,78","503,59","2,95B","0,53%"
"22/03/2024","507,08","505,09","507,45","504,19","3,06B","0,13%"
"21/03/2024","506,43","508,97","511,28","506,43","3,89B","0,15%"
"20/03/2024","505,65","503,90","506,87","502,95","7,30B","-0,46%"
"19/03/2024","508,01","507,80","511,38","507,02","4,35B","0,48%"
"18/03/2024","505,55","508,98","511,48","505,55","6,16B","-0,46%"
"15/03/2024","507,90","511,81","512,63","504,08","13,75B","-1,30%"
"14/03/2024","514,59","507,93","514,59","507,18","4,45B","0,94%"
"13/03/2024","509,79","513,02","513,19","508,02","3,78B","0,27%"
"08/03/2024","508,41","508,90","510,63","507,58","2,97B","0,44%"
"07/03/2024","506,19","506,11","508,33","504,76","7,94B","0,20%"
"06/03/2024","505,18","497,96","505,80","497,91","8,33B","1,57%"
"05/03/2024","497,39","500,36","501,26","497,21","3,38B","-0,20%"
"04/03/2024","498,38","501,95","502,65","497,20","6,65B","-0,54%"
"01/03/2024","501,08","502,35","503,65","497,27","3,55B","-0,22%"
"29/02/2024","502,18","505,67","506,34","500,28","8,75B","-0,72%"
"28/02/2024","505,81","503,96","506,86","502,39","9,45B","0,49%"
"27/02/2024","503,36","500,66","504,43","499,51","5,69B","0,06%"
"26/02/2024","503,05","501,86","504,09","500,19","3,00B","-0,17%"
"23/02/2024","503,93","506,64","507,75","501,18","3,36B","-0,88%"
"22/02/2024","508,38","510,49","511,83","507,24","2,86B","-0,77%"
"21/02/2024","512,30","512,82","514,48","506,42","4,70B","-0,29%"
"20/02/2024","513,76","510,71","513,76","509,65","3,20B","1,14%"
"19/02/2024","508,00","510,57","512,83","507,01","4,64B","-0,78%"
"16/02/2024","512,00","513,60","515,72","509,81","3,72B","0,48%"
"15/02/2024","509,57","516,92","517,29","509,57","4,97B","1,44%"
"13/02/2024","502,36","506,38","506,90","501,45","2,96B","-0,71%"
"12/02/2024","505,97","503,60","507,10","501,96","6,59B","1,27%"
"07/02/2024","499,60","499,77","501,56","498,71","2,43B","0,35%"
"06/02/2024","497,84","498,80","500,15","496,83","5,02B","0,52%"
"05/02/2024","495,28","499,46","500,06","495,28","4,83B","-0,87%"
"02/02/2024","499,60","498,08","499,70","494,65","3,06B","0,77%"
"01/02/2024","495,80","496,25","498,98","493,95","6,80B","0,22%"
"31/01/2024","494,71","496,20","498,43","494,19","5,91B","0,19%"
"30/01/2024","493,78","486,22","495,43","484,98","7,27B","1,22%"
"29/01/2024","487,86","484,04","487,86","482,78","7,34B","1,04%"
"26/01/2024","482,83","484,20","485,73","479,76","3,42B","-0,81%"
"25/01/2024","486,78","488,49","492,56","486,42","3,10B","-0,70%"
"24/01/2024","490,21","492,64","493,69","487,20","3,08B","-0,58%"
"23/01/2024","493,06","494,59","495,93","489,42","2,61B","-0,70%"
"22/01/2024","496,54","498,44","499,38","493,66","2,52B","-0,28%"
"19/01/2024","497,91","500,25","500,98","495,55","2,65B","-0,18%"
"18/01/2024","498,80","499,65","501,36","496,75","3,77B","-0,23%"
"17/01/2024","499,93","503,32","504,07","497,25","10,12B","-0,57%"
"16/01/2024","502,80","503,83","506,07","501,81","2,58B","-0,07%"
"15/01/2024","503,15","505,70","506,61","501,61","2,71B","-0,22%"
"12/01/2024","504,26","501,88","504,81","500,34","4,05B","1,01%"
"11/01/2024","499,20","500,90","502,78","499,20","5,15B","0,25%"
"10/01/2024","497,95","497,29","500,56","496,14","2,13B","0,02%"
"09/01/2024","497,85","499,80","501,07","496,32","3,55B","-0,06%"
"08/01/2024","498,14","503,05","506,21","497,14","2,28B","-0,71%"
"05/01/2024","501,72","503,95","507,33","501,72","1,97B","-0,10%"
"04/01/2024","502,23","495,50","503,72","494,58","2,56B","1,61%"
"03/01/2024","494,25","496,91","497,48","493,98","2,15B","-0,84%"
"02/01/2024","498,42","494,13","498,42","492,62","1,92B","0,65%"
"29/12/2023","495,21","496,66","496,73","492,89","2,16B","-0,21%"
"28/12/2023","496,23","494,36","497,16","493,24","2,42B","0,87%"
"27/12/2023","491,96","493,55","494,94","491,29","2,58B","0,11%"
"26/12/2023","491,41","491,85","493,10","489,99","","0,00%"
"22/12/2023","491,41","491,85","493,10","489,99","2,37B","0,30%"
"21/12/2023","489,95","490,16","490,56","486,89","2,49B","0,01%"
"20/12/2023","489,89","491,75","493,39","489,17","2,79B","0,05%"
"19/12/2023","489,63","484,18","489,63","483,42","5,58B","0,99%"
"18/12/2023","484,82","489,26","489,85","482,15","12,06B","-1,17%"
"15/12/2023","490,57","490,99","492,93","488,81","6,19B","0,04%"
"14/12/2023","490,36","484,61","490,86","483,89","10,79B","2,67%"
"13/12/2023","477,62","480,68","482,04","475,13","7,45B","-1,04%"
"12/12/2023","482,64","481,99","484,47","479,21","13,17B","0,53%"
"11/12/2023","480,11","484,80","486,54","477,22","35,80B","-1,47%"
"08/12/2023","487,25","485,44","489,96","482,94","15,39B","0,37%"
"07/12/2023","485,44","483,38","485,44","480,04","12,77B","0,43%"
"06/12/2023","483,38","486,76","488,44","483,38","14,55B","-0,70%"
"05/12/2023","486,76","487,52","489,32","482,38","19,01B","-0,17%"
"04/12/2023","487,59","487,45","495,20","487,45","18,07B","0,03%"
"01/12/2023","487,43","480,18","487,43","480,14","14,63B","1,49%"
"30/11/2023","480,27","478,09","481,87","478,09","10,75B","0,45%"
"29/11/2023","478,09","478,83","481,52","476,86","4,30B","-0,15%"
"28/11/2023","478,83","478,27","482,13","477,92","4,63B","0,12%"
"27/11/2023","478,27","478,60","483,16","478,27","2,95B","-0,07%"
"24/11/2023","478,60","477,88","481,55","477,77","5,67B","0,15%"
"23/11/2023","477,86","471,91","479,47","471,86","10,58B","1,27%"
"22/11/2023","471,89","473,85","475,51","470,80","7,57B","-0,41%"
"21/11/2023","473,85","475,27","476,83","472,19","6,36B","-0,30%"
"20/11/2023","475,27","474,27","476,70","472,46","5,64B","0,21%"
"17/11/2023","474,27","476,11","476,11","471,29","3,84B","-0,38%"
"16/11/2023","476,09","475,89","476,09","470,30","3,66B","0,05%"
"15/11/2023","475,87","466,89","477,43","466,89","8,19B","1,93%"
"14/11/2023","466,86","465,65","469,49","465,13","6,28B","0,25%"
"13/11/2023","465,68","465,45","468,73","465,04","10,52B","0,05%"
"10/11/2023","465,45","468,82","468,83","464,55","4,88B","-0,72%"
"09/11/2023","468,82","468,29","471,97","466,96","2,55B","0,11%"
"08/11/2023","468,29","472,17","472,20","464,27","4,70B","-0,83%"
"07/11/2023","472,19","474,78","475,44","468,74","5,59B","-0,55%"
"06/11/2023","474,78","466,85","474,78","466,61","12,70B","1,70%"
"03/11/2023","466,85","464,29","472,48","463,89","13,57B","0,55%"
"02/11/2023","464,29","453,73","467,39","453,73","10,75B","2,33%"
"01/11/2023","453,70","459,16","462,01","453,70","7,13B","-1,20%"
"31/10/2023","459,19","458,04","460,26","453,10","7,80B","0,25%"
"30/10/2023","458,04","459,20","459,87","455,12","4,48B","-0,26%"
"27/10/2023","459,22","458,05","462,90","458,02","5,32B","0,25%"
"26/10/2023","458,05","470,37","470,83","457,87","5,74B","-2,63%"
"25/10/2023","470,42","468,59","475,20","468,59","3,50B","0,39%"
"24/10/2023","468,57","463,33","471,55","463,24","3,08B","1,13%"
"23/10/2023","463,35","470,40","471,31","462,29","5,31B","-1,50%"
"20/10/2023","470,40","469,58","473,09","466,48","6,66B","0,17%"
"19/10/2023","469,58","477,37","477,41","469,58","5,04B","-1,64%"
"18/10/2023","477,40","481,33","481,93","477,40","5,08B","-0,82%"
"17/10/2023","481,33","482,90","484,33","480,36","6,54B","-0,32%"
"16/10/2023","482,90","484,89","487,41","480,18","20,80B","-0,41%"
"13/10/2023","484,88","486,78","489,68","483,30","9,90B","-0,40%"
"12/10/2023","486,81","488,09","492,62","486,81","8,63B","-0,26%"
"11/10/2023","488,07","489,06","491,55","488,04","6,25B","-0,20%"
"10/10/2023","489,06","488,07","493,01","488,07","2,58B","0,20%"
"09/10/2023","488,07","488,63","492,54","487,41","2,86B","-0,11%"
"06/10/2023","488,63","487,76","492,49","487,76","3,06B","0,19%"
"05/10/2023","487,72","491,13","494,37","487,72","3,95B","-0,68%"
"04/10/2023","491,08","494,62","494,91","488,64","4,83B","-0,72%"
"03/10/2023","494,62","495,29","496,81","492,85","3,84B","-0,14%"
"02/10/2023","495,29","493,35","497,98","493,31","2,07B","0,39%"
"29/09/2023","493,35","493,54","497,68","493,35","4,22B","-0,04%"
"27/09/2023","493,54","492,68","497,70","491,38","4,09B","0,17%"
"26/09/2023","492,68","497,87","499,95","491,52","6,95B","-1,05%"
"25/09/2023","497,90","500,64","501,47","497,77","2,88B","-0,54%"
"22/09/2023","500,62","499,58","503,69","498,56","2,14B","0,21%"
"21/09/2023","499,58","502,26","503,52","498,63","2,75B","-0,53%"
"20/09/2023","502,26","499,54","506,74","499,54","3,19B","0,54%"
"19/09/2023","499,54","494,96","501,51","494,77","1,82B","0,93%"
"18/09/2023","494,93","497,95","499,54","494,58","3,14B","-0,61%"
"15/09/2023","497,95","495,39","500,40","493,80","7,99B","0,51%"
"14/09/2023","495,41","494,88","497,24","493,09","3,10B","0,10%"
"13/09/2023","494,90","495,06","495,57","491,79","3,41B","-0,03%"
"12/09/2023","495,05","497,80","498,77","494,36","3,43B","-0,55%"
"11/09/2023","497,80","495,26","497,95","493,24","5,18B","0,51%"
"08/09/2023","495,26","499,16","500,03","492,75","2,95B","-0,78%"
"07/09/2023","499,16","503,39","503,83","496,48","7,30B","-0,84%"
"06/09/2023","503,38","503,68","506,51","503,36","2,93B","-0,06%"
"05/09/2023","503,68","504,18","505,50","502,13","2,32B","-0,10%"
"04/09/2023","504,18","502,51","505,34","501,94","2,07B","0,34%"
"01/09/2023","502,49","499,64","504,26","499,23","2,90B","0,57%"
"31/08/2023","499,64","500,14","502,02","496,90","9,50B","-0,10%"
"30/08/2023","500,14","499,78","505,13","499,78","3,27B","0,08%"
"29/08/2023","499,73","496,49","500,41","496,49","6,87B","0,65%"
"28/08/2023","496,49","495,68","498,95","495,68","2,09B","0,17%"
"25/08/2023","495,63","495,52","496,75","493,14","2,80B","0,02%"
"24/08/2023","495,52","497,46","499,49","495,52","3,52B","-0,39%"
"23/08/2023","497,46","499,26","501,87","497,46","4,10B","-0,36%"
"22/08/2023","499,26","494,40","500,78","493,56","3,19B","0,98%"
"21/08/2023","494,40","495,62","498,40","494,40","4,64B","-0,24%"
"18/08/2023","495,60","499,48","499,48","495,60","3,29B","-0,79%"
"16/08/2023","499,56","500,92","500,92","495,20","4,75B","-0,27%"
"15/08/2023","500,92","502,38","503,08","499,08","5,11B","-0,28%"
"14/08/2023","502,35","500,02","502,35","494,63","3,04B","0,46%"
"11/08/2023","500,02","501,45","502,79","499,00","4,53B","-0,28%"
"10/08/2023","501,45","501,17","504,46","500,71","5,66B","0,06%"
"09/08/2023","501,17","499,69","502,93","499,65","9,54B","0,30%"
"08/08/2023","499,69","502,18","504,18","499,07","4,57B","-0,49%"
"07/08/2023","502,17","498,29","504,03","498,29","2,64B","0,78%"
"04/08/2023","498,29","502,73","504,18","498,29","2,17B","-0,88%"
"03/08/2023","502,71","499,23","505,52","497,44","2,53B","0,70%"
"02/08/2023","499,23","500,73","500,73","497,14","3,61B","-0,30%"
"01/08/2023","500,73","501,74","503,55","499,80","3,20B","-0,21%"
"31/07/2023","501,78","499,60","502,56","499,13","3,94B","0,44%"
"28/07/2023","499,60","498,45","499,62","495,61","2,29B","0,23%"
"27/07/2023","498,43","504,10","506,34","498,43","2,55B","-1,12%"
"26/07/2023","504,10","501,23","504,38","500,53","2,87B","0,57%"
"25/07/2023","501,23","500,05","504,56","500,05","3,57B","0,20%"
"24/07/2023","500,22","500,62","503,83","499,84","3,49B","-0,08%"
"21/07/2023","500,62","499,59","500,62","496,55","2,99B","0,21%"
"20/07/2023","499,59","497,52","501,41","497,23","2,52B","0,41%"
"18/07/2023","497,54","500,81","503,87","494,49","5,18B","-0,65%"
"17/07/2023","500,81","500,84","505,51","500,81","6,43B","0,00%"
"14/07/2023","500,82","496,69","501,14","496,55","4,25B","0,83%"
"13/07/2023","496,69","497,21","499,80","495,24","3,62B","-0,10%"
"12/07/2023","497,19","495,48","498,73","494,99","2,73B","0,35%"
"11/07/2023","495,48","492,74","496,33","492,67","3,35B","0,56%"
"10/07/2023","492,73","491,86","496,48","491,86","1,68B","0,18%"
"07/07/2023","491,86","497,08","497,08","491,84","2,75B","-1,06%"
"06/07/2023","497,11","495,42","498,20","493,74","2,97B","0,32%"
"05/07/2023","495,50","492,96","495,57","492,29","2,45B","0,51%"
"04/07/2023","492,96","495,05","497,06","492,09","2,59B","-0,42%"
"03/07/2023","495,03","491,25","495,25","491,14","2,94B","0,77%"
"27/06/2023","491,27","491,66","494,20","490,77","4,91B","-0,08%"
"26/06/2023","491,66","489,85","493,13","488,11","3,49B","0,37%"
"23/06/2023","489,85","490,86","492,43","489,55","2,39B","-0,21%"
"22/06/2023","490,86","496,51","497,66","490,86","3,30B","-1,14%"
"21/06/2023","496,50","493,61","496,81","491,15","2,43B","0,58%"
"20/06/2023","493,61","494,32","494,92","490,29","2,79B","-0,14%"
"19/06/2023","494,32","495,55","495,82","492,24","2,97B","-0,25%"
"16/06/2023","495,55","495,44","496,70","490,84","6,66B","0,01%"
"15/06/2023","495,48","494,00","495,95","491,05","4,26B","0,30%"
"14/06/2023","494,00","496,09","497,86","492,33","4,78B","-0,42%"
"13/06/2023","496,11","496,25","497,60","493,38","5,27B","-0,03%"
"12/06/2023","496,25","497,50","497,55","493,06","4,97B","-0,24%"
"09/06/2023","497,44","496,95","498,23","494,16","8,42B","0,09%"
"08/06/2023","496,99","492,37","496,99","490,14","6,47B","0,94%"
"07/06/2023","492,37","493,36","494,78","489,17","4,86B","-0,20%"
"06/06/2023","493,34","493,34","496,31","489,30","11,64B","0,00%"
"05/06/2023","493,34","494,61","497,72","490,41","5,35B","-0,26%"
"31/05/2023","494,61","490,54","494,61","486,28","49,60B","0,83%"
"30/05/2023","490,54","492,54","494,99","489,11","7,48B","-0,40%"
"29/05/2023","492,54","490,24","492,60","485,69","6,10B","0,48%"
"26/05/2023","490,20","490,21","492,76","488,55","4,98B","0,00%"
"25/05/2023","490,21","493,73","494,77","490,21","5,42B","-0,71%"
"24/05/2023","493,73","492,56","494,79","490,26","4,56B","0,24%"
"23/05/2023","492,56","492,15","496,53","491,92","5,54B","0,08%"
"22/05/2023","492,15","488,91","495,66","486,46","5,60B","0,66%"
"19/05/2023","488,91","483,21","490,85","483,21","5,57B","1,18%"
"17/05/2023","483,21","483,84","487,57","483,21","6,87B","-0,13%"
"16/05/2023","483,86","486,29","488,31","482,10","4,41B","-0,50%"
"15/05/2023","486,29","485,01","487,29","480,94","4,88B","0,28%"
"12/05/2023","484,93","489,55","489,55","484,70","8,32B","-0,94%"
"11/05/2023","489,55","493,49","493,85","485,58","6,87B","-0,80%"
"10/05/2023","493,49","489,27","493,95","488,60","6,99B","0,87%"
"09/05/2023","489,22","488,17","490,24","485,33","5,29B","0,21%"
"08/05/2023","488,17","492,35","493,15","487,62","5,37B","-0,85%"
"05/05/2023","492,37","496,34","497,42","487,47","4,30B","-0,80%"
"04/05/2023","496,34","493,92","497,20","491,53","4,68B","0,49%"
"03/05/2023","493,92","498,12","498,57","490,06","3,05B","-0,84%"
"02/05/2023","498,12","501,01","501,82","492,88","3,07B","-0,58%"
"28/04/2023","501,01","503,31","505,18","499,72","4,33B","-0,46%"
"27/04/2023","503,31","502,24","505,06","498,83","7,22B","0,23%"
"26/04/2023","502,17","494,09","504,39","494,09","3,98B","1,64%"
"18/04/2023","494,09","491,29","496,55","490,94","2,15B","0,57%"
"17/04/2023","491,29","495,63","496,63","489,31","2,52B","-0,87%"
"14/04/2023","495,62","491,91","497,49","491,89","5,09B","0,76%"
"13/04/2023","491,87","491,41","493,89","489,75","6,72B","0,08%"
"12/04/2023","491,46","490,86","493,24","489,03","5,46B","0,13%"
"11/04/2023","490,84","487,49","490,84","484,17","6,86B","0,69%"
"10/04/2023","487,49","488,25","489,08","483,44","4,62B","-0,16%"
"06/04/2023","488,25","490,41","491,86","487,83","8,30B","-0,44%"
"05/04/2023","490,41","491,43","494,85","490,14","3,14B","-0,21%"
"04/04/2023","491,43","491,27","493,74","486,90","2,58B","0,03%"
"03/04/2023","491,28","488,29","493,17","488,29","3,37B","0,61%"
"31/03/2023","488,29","489,37","491,67","487,15","4,40B","-0,22%"
"30/03/2023","489,36","493,15","495,32","488,50","3,75B","-0,77%"
"29/03/2023","493,15","486,79","494,41","486,79","3,52B","1,31%"
"28/03/2023","486,79","484,15","487,76","484,15","2,74B","0,55%"
"27/03/2023","484,15","490,93","492,02","484,15","2,78B","-1,38%"
"24/03/2023","490,93","485,55","492,62","485,05","5,30B","1,17%"
"21/03/2023","485,28","477,53","485,28","476,71","5,44B","1,62%"
"20/03/2023","477,53","482,45","482,45","475,13","3,60B","-1,02%"
"17/03/2023","482,45","473,93","483,53","473,93","35,09B","1,80%"
"16/03/2023","473,93","477,18","477,77","471,80","4,36B","-0,68%"
"15/03/2023","477,18","477,99","484,74","477,03","4,03B","-0,17%"
"14/03/2023","477,99","490,04","490,04","477,58","5,40B","-2,47%"
"13/03/2023","490,07","487,65","492,31","485,03","5,39B","0,49%"
"10/03/2023","487,68","491,29","491,29","486,75","3,42B","-0,73%"
"09/03/2023","491,29","489,26","494,31","489,26","2,86B","0,41%"
"08/03/2023","489,26","486,93","489,26","484,06","5,31B","0,48%"
"07/03/2023","486,93","488,85","490,17","486,03","4,84B","-0,40%"
"06/03/2023","488,87","488,73","492,76","488,73","4,64B","0,03%"
"03/03/2023","488,70","493,17","495,32","487,99","3,30B","-0,91%"
"02/03/2023","493,17","492,32","495,16","491,87","3,79B","0,18%"
"01/03/2023","492,30","490,48","495,43","490,48","5,19B","0,37%"
"28/02/2023","490,50","493,25","497,12","490,50","5,72B","-0,56%"
"27/02/2023","493,25","492,33","493,25","489,13","3,13B","0,19%"
"24/02/2023","492,33","490,74","495,49","490,74","3,79B","0,32%"
"23/02/2023","490,74","488,39","491,01","487,47","3,07B","0,48%"
"22/02/2023","488,37","493,88","494,12","485,63","5,43B","-1,12%"
"21/02/2023","493,89","496,56","497,98","493,71","3,89B","-0,54%"
"20/02/2023","496,56","496,31","497,86","493,15","7,68B","0,05%"
"17/02/2023","496,30","495,68","498,39","494,04","8,26B","0,12%"
"16/02/2023","495,68","497,86","499,34","494,41","4,62B","-0,44%"
"15/02/2023","497,86","499,33","499,57","492,83","3,52B","-0,29%"
"14/02/2023","499,33","495,63","499,33","495,63","3,91B","0,75%"
"13/02/2023","495,63","495,15","497,55","493,36","11,18B","0,10%"
"10/02/2023","495,15","495,19","495,19","487,23","2,05B","-0,06%"
"09/02/2023","495,43","499,17","501,34","495,08","5,72B","-0,75%"
"08/02/2023","499,17","497,92","499,87","496,34","3,86B","0,25%"
"07/02/2023","497,92","493,29","499,49","493,26","4,47B","0,94%"
"06/02/2023","493,29","495,77","497,55","489,60","3,07B","-0,50%"
"03/02/2023","495,77","490,82","498,73","490,82","6,68B","1,01%"
"02/02/2023","490,81","489,88","492,26","488,25","7,49B","0,19%"
"01/02/2023","489,88","487,61","492,41","487,61","3,10B","0,46%"
"31/01/2023","487,65","492,83","493,15","487,13","4,10B","-1,05%"
"30/01/2023","492,83","495,38","496,90","488,77","3,18B","-0,51%"
"27/01/2023","495,38","491,31","498,79","491,31","3,47B","0,83%"
"26/01/2023","491,31","486,51","492,64","486,06","3,57B","0,99%"
"25/01/2023","486,51","490,49","491,45","485,68","6,29B","-0,81%"
"24/01/2023","490,49","491,05","493,40","488,52","7,39B","-0,11%"
"20/01/2023","491,05","489,09","492,23","488,78","4,82B","0,40%"
"19/01/2023","489,09","485,17","489,69","484,00","3,46B","0,81%"
"18/01/2023","485,17","485,12","487,15","480,87","5,08B","0,01%"
"17/01/2023","485,12","476,09","488,50","476,09","9,04B","1,90%"
"16/01/2023","476,09","471,05","476,09","469,83","4,36B","1,07%"
"13/01/2023","471,05","471,22","473,08","467,03","7,45B","-0,04%"
"12/01/2023","471,24","465,24","474,43","464,08","3,77B","1,29%"
"11/01/2023","465,24","468,85","468,85","462,43","1,92B","-0,77%"
"10/01/2023","468,87","476,58","476,80","464,89","2,85B","-1,62%"
"09/01/2023","476,58","474,97","478,21","471,45","2,96B","0,34%"
"06/01/2023","474,97","473,21","475,53","468,00","1,72B","0,37%"
"05/01/2023","473,22","483,90","483,90","469,77","3,27B","-2,20%"
"04/01/2023","483,88","489,65","490,44","483,88","2,76B","-1,18%"
"03/01/2023","489,64","486,83","491,86","485,05","3,38B","0,57%"
"02/01/2023","486,86","488,14","488,16","484,27","1,28B","-0,26%"
"30/12/2022","488,14","489,54","492,08","488,14","3,65B","-0,28%"
"29/12/2022","489,51","486,42","489,54","482,93","4,76B","0,63%"
"28/12/2022","486,46","489,26","490,46","484,58","2,64B","-0,57%"
"27/12/2022","489,26","487,25","490,88","487,25","3,42B","0,42%"
"26/12/2022","487,23","487,07","489,63","485,32","2,15B","0,03%"
"23/12/2022","487,07","491,29","491,29","486,60","2,04B","-0,86%"
"22/12/2022","491,31","491,58","493,76","490,18","2,16B","-0,06%"
"21/12/2022","491,58","490,27","492,31","488,07","3,37B","0,27%"
"20/12/2022","490,27","494,88","495,01","489,20","4,15B","-0,93%"
"19/12/2022","494,88","497,07","498,54","491,81","2,85B","-0,45%"
"16/12/2022","497,13","492,06","497,25","486,45","4,33B","1,03%"
"15/12/2022","492,08","496,66","496,66","490,80","4,25B","-0,92%"
"14/12/2022","496,66","497,59","501,48","493,45","9,81B","-0,19%"
"13/12/2022","497,59","489,87","499,42","487,55","27,66B","1,58%"
"12/12/2022","489,85","487,71","489,85","482,82","1,37B","0,44%"
"09/12/2022","487,71","492,95","492,95","485,31","1,40B","-1,06%"
"08/12/2022","492,95","492,76","494,52","483,49","1,94B","0,03%"
"07/12/2022","492,81","502,26","502,27","492,67","1,76B","-1,88%"
"06/12/2022","502,26","512,08","512,08","499,29","1,80B","-1,92%"
"05/12/2022","512,08","517,63","517,63","512,08","1,90B","-1,07%"
"02/12/2022","517,63","521,10","521,21","514,24","1,42B","-0,66%"
"01/12/2022","521,10","527,31","528,08","520,54","2,24B","-1,18%"
"30/11/2022","527,31","521,57","529,50","519,33","7,86B","1,09%"
"29/11/2022","521,63","522,80","524,65","520,26","3,04B","-0,22%"
"28/11/2022","522,80","526,66","529,58","522,80","3,12B","-0,73%"
"25/11/2022","526,66","527,78","528,20","522,79","1,77B","-0,21%"
"24/11/2022","527,76","525,07","529,84","525,07","1,63B","0,51%"
"23/11/2022","525,07","524,36","528,78","523,78","2,01B","0,14%"
"22/11/2022","524,33","527,75","531,06","524,33","2,80B","-0,64%"
"21/11/2022","527,72","531,11","533,56","527,35","2,08B","-0,64%"
"18/11/2022","531,12","528,51","533,56","526,34","2,46B","0,49%"
"17/11/2022","528,51","526,40","530,21","521,93","1,73B","0,40%"
"16/11/2022","526,42","528,13","529,42","520,20","3,17B","-0,32%"
"15/11/2022","528,13","526,68","529,87","524,74","1,77B","0,28%"
"14/11/2022","526,68","533,93","535,05","526,46","2,28B","-1,36%"
"11/11/2022","533,93","521,76","536,22","521,73","5,06B","2,35%"
"10/11/2022","521,68","531,12","531,12","520,91","2,49B","-1,78%"
"09/11/2022","531,13","529,05","531,59","527,30","2,22B","0,39%"
"08/11/2022","529,05","534,59","535,12","527,89","1,25B","-1,03%"
"07/11/2022","534,55","529,36","534,55","525,38","1,98B","0,98%"
"04/11/2022","529,36","527,03","529,36","522,41","1,94B","0,45%"
"03/11/2022","527,00","525,72","529,20","520,57","2,93B","0,24%"
"02/11/2022","525,71","529,28","531,36","521,99","2,13B","-0,67%"
"01/11/2022","529,28","532,84","536,44","526,37","1,98B","-0,68%"
"31/10/2022","532,92","530,20","535,01","530,20","2,08B","0,42%"
"28/10/2022","530,70","532,22","533,47","526,99","1,81B","-0,37%"
"27/10/2022","532,68","528,77","534,18","528,10","2,11B","0,74%"
"26/10/2022","528,77","529,53","531,90","526,62","3,33B","-0,15%"
"25/10/2022","529,57","529,79","534,65","527,71","2,95B","-0,04%"
"24/10/2022","529,79","526,53","533,72","526,53","2,47B","0,61%"
"21/10/2022","526,57","523,13","531,37","522,31","2,06B","0,66%"
"20/10/2022","523,13","512,44","524,62","510,89","3,02B","2,09%"
"19/10/2022","512,44","510,32","515,32","507,46","1,82B","0,43%"
"18/10/2022","510,27","512,29","517,84","509,51","2,03B","-0,39%"
"17/10/2022","512,26","508,99","513,62","503,99","2,31B","0,65%"
"14/10/2022","508,93","515,51","521,82","508,93","1,93B","-1,28%"
"13/10/2022","515,51","519,38","521,54","515,51","1,64B","-0,75%"
"12/10/2022","519,38","521,63","524,63","516,01","2,19B","-0,43%"
"11/10/2022","521,63","526,43","527,22","521,41","1,69B","-0,92%"
"10/10/2022","526,46","528,30","528,39","521,50","1,24B","-0,35%"
"07/10/2022","528,30","534,27","534,32","526,72","1,20B","-1,12%"
"06/10/2022","534,27","534,59","540,19","533,60","1,83B","-0,05%"
"05/10/2022","534,54","536,11","540,35","534,54","1,62B","-0,28%"
"04/10/2022","536,07","531,93","539,94","531,93","1,79B","0,79%"
"03/10/2022","531,89","534,58","535,68","530,18","1,67B","-0,50%"
"30/09/2022","534,58","533,46","537,52","525,26","2,64B","0,21%"
"29/09/2022","533,48","536,00","540,99","532,33","1,52B","-0,47%"
"28/09/2022","536,02","537,62","543,46","534,03","1,91B","-0,30%"
"27/09/2022","537,62","539,44","540,38","534,84","1,98B","-0,34%"
"26/09/2022","539,43","541,91","541,91","530,08","2,76B","-0,46%"
"23/09/2022","541,91","546,48","546,48","540,90","1,82B","-0,84%"
"22/09/2022","546,48","544,27","547,06","538,30","1,52B","0,40%"
"21/09/2022","544,27","544,25","545,11","538,73","1,75B","0,00%"
"20/09/2022","544,25","542,13","548,96","542,13","3,03B","0,40%"
"19/09/2022","542,09","537,49","546,23","536,14","2,70B","0,85%"
"16/09/2022","537,49","551,45","551,45","537,49","4,69B","-2,52%"
"15/09/2022","551,39","548,87","558,58","548,87","3,32B","0,46%"
"14/09/2022","548,86","552,83","552,83","544,21","2,71B","-0,73%"
"13/09/2022","552,88","547,48","556,09","547,48","2,46B","0,99%"
"12/09/2022","547,45","547,27","550,17","544,99","1,87B","0,04%"
"09/09/2022","547,25","545,69","549,79","543,47","1,83B","0,29%"
"08/09/2022","545,69","541,42","550,67","541,33","3,09B","0,79%"
"07/09/2022","541,42","545,51","546,61","539,64","2,65B","-0,75%"
"06/09/2022","545,51","546,65","552,01","545,51","1,90B","-0,21%"
"05/09/2022","546,65","541,46","548,21","538,57","2,02B","0,96%"
"02/09/2022","541,46","539,91","545,45","538,57","1,86B","0,29%"
"01/09/2022","539,91","542,43","544,81","538,22","1,79B","-0,46%"
"31/08/2022","542,43","543,08","543,73","533,55","3,16B","-0,12%"
"30/08/2022","543,08","540,14","549,96","539,84","2,03B","0,55%"
"29/08/2022","540,12","539,05","540,12","528,00","2,32B","0,18%"
"26/08/2022","539,13","543,63","545,31","539,13","1,86B","-0,83%"
"25/08/2022","543,62","546,42","547,38","540,38","1,76B","-0,51%"
"24/08/2022","546,42","543,83","547,68","542,86","1,62B","0,48%"
"23/08/2022","543,81","540,13","546,53","539,94","2,40B","0,70%"
"22/08/2022","540,05","544,72","544,87","535,38","2,64B","-0,85%"
"19/08/2022","544,69","547,03","550,48","544,69","2,31B","-0,42%"
"18/08/2022","546,99","541,53","547,17","539,90","3,16B","1,02%"
"16/08/2022","541,49","535,39","542,20","535,39","3,76B","1,15%"
"15/08/2022","535,36","538,68","541,32","534,04","1,87B","-0,62%"
"12/08/2022","538,68","542,41","542,88","537,46","1,84B","-0,69%"
"11/08/2022","542,41","536,49","544,42","536,49","3,09B","1,11%"
"10/08/2022","536,47","537,09","537,22","529,22","2,13B","-0,12%"
"09/08/2022","537,09","536,03","541,69","535,82","2,84B","0,20%"
"08/08/2022","536,01","536,62","537,76","532,84","2,67B","-0,11%"
"05/08/2022","536,59","534,30","537,24","532,44","2,48B","0,44%"
"04/08/2022","534,22","532,15","535,15","530,20","3,51B","0,39%"
"03/08/2022","532,15","525,95","532,15","524,26","3,12B","1,18%"
"02/08/2022","525,95","522,20","525,95","517,30","2,48B","0,72%"
"01/08/2022","522,20","520,23","526,47","519,97","2,42B","0,38%"
"29/07/2022","520,20","521,34","528,77","520,20","2,76B","-0,22%"
"28/07/2022","521,32","518,18","524,84","518,18","4,04B","0,61%"
"27/07/2022","518,18","514,98","519,05","513,77","2,59B","0,63%"
"26/07/2022","514,95","514,29","517,82","514,02","2,00B","0,13%"
"25/07/2022","514,29","518,04","520,25","514,29","1,60B","-0,73%"
"22/07/2022","518,07","516,74","519,16","514,90","2,39B","0,26%"
"21/07/2022","516,74","518,29","519,77","510,95","1,93B","-0,30%"
"20/07/2022","518,29","504,48","518,84","504,39","3,52B","2,74%"
"19/07/2022","504,45","499,76","505,70","494,87","3,12B","0,93%"
"18/07/2022","499,78","499,11","503,65","494,15","2,38B","0,15%"
"15/07/2022","499,04","504,38","506,38","498,49","2,40B","-1,06%"
"14/07/2022","504,38","497,49","505,57","494,98","2,28B","1,39%"
"13/07/2022","497,49","505,23","505,86","496,85","2,46B","-1,53%"
"12/07/2022","505,20","507,53","508,61","505,18","2,03B","-0,46%"
"11/07/2022","507,53","511,53","513,73","504,34","1,74B","-0,78%"
"08/07/2022","511,51","504,12","511,85","504,12","2,85B","1,47%"
"07/07/2022","504,08","503,43","507,40","501,97","2,37B","0,14%"
"06/07/2022","503,36","509,36","510,17","499,45","2,69B","-1,18%"
"05/07/2022","509,39","506,36","516,53","505,67","3,01B","0,60%"
"04/07/2022","506,36","519,41","519,66","499,41","2,51B","-2,52%"
"01/07/2022","519,46","529,19","532,20","516,88","2,58B","-1,84%"
"30/06/2022","529,22","531,20","535,65","528,51","3,05B","-0,37%"
"29/06/2022","531,18","537,53","539,54","531,18","2,52B","-1,20%"
"28/06/2022","537,61","539,46","539,55","533,80","2,88B","-0,34%"
"27/06/2022","539,46","544,03","546,08","535,79","3,11B","-0,84%"
"24/06/2022","544,03","540,97","546,96","540,20","4,58B","0,56%"
"23/06/2022","541,02","538,63","542,41","533,81","3,03B","0,45%"
"22/06/2022","538,61","544,32","545,75","536,58","3,53B","-1,05%"
"21/06/2022","544,32","538,59","545,02","536,69","4,28B","1,07%"
"20/06/2022","538,55","533,11","538,55","526,33","5,93B","1,03%"
"17/06/2022","533,06","537,11","539,08","529,25","5,27B","-2,07%"
"16/06/2022","544,30","548,67","553,57","541,43","6,28B","0,30%"
"15/06/2022","542,69","543,36","548,78","538,16","5,56B","-0,53%"
"14/06/2022","545,59","534,90","545,59","534,77","6,92B","1,00%"
"13/06/2022","540,21","533,98","540,21","531,04","6,63B","-0,78%"
"10/06/2022","544,44","549,37","552,26","541,14","6,71B","-1,69%"
"09/06/2022","553,78","554,95","561,74","553,16","8,88B","-0,39%"
"08/06/2022","555,92","549,19","558,27","545,19","2,08B","1,07%"
"07/06/2022","550,05","554,06","556,17","550,05","2,04B","-0,60%"
"06/06/2022","553,36","554,49","557,67","548,29","1,66B","-0,72%"
"03/06/2022","557,40","559,20","563,13","557,40","2,00B","0,32%"
"02/06/2022","555,60","562,05","563,70","553,27","2,45B","-1,66%"
"31/05/2022","564,99","553,67","564,99","552,33","3,51B","2,64%"
"30/05/2022","550,49","555,10","555,26","544,77","1,76B","-0,25%"
"27/05/2022","551,89","547,88","551,89","545,46","1,79B","2,34%"
"25/05/2022","539,29","543,40","546,16","538,08","1,95B","-0,73%"
"24/05/2022","543,27","537,49","546,90","537,49","2,58B","1,51%"
"23/05/2022","535,20","543,87","545,33","532,31","2,01B","-1,33%"
"20/05/2022","542,40","540,78","546,64","540,53","2,19B","0,61%"
"19/05/2022","539,13","533,45","541,46","529,29","2,46B","-0,73%"
"18/05/2022","543,10","540,82","544,63","536,48","2,47B","1,19%"
"17/05/2022","536,73","533,60","542,24","532,51","2,33B","0,67%"
"13/05/2022","533,18","530,19","538,40","526,82","3,09B","0,15%"
"12/05/2022","532,40","547,41","547,51","529,07","2,59B","-3,09%"
"11/05/2022","549,38","549,10","557,39","547,74","","0,34%"
"10/05/2022","547,52","527,36","548,88","527,36","3,31B","-0,39%"
"09/05/2022","549,65","572,92","574,06","548,49","3,54B","-5,74%"
"28/04/2022","583,11","584,67","587,49","582,13","3,35B","1,19%"
"27/04/2022","576,24","573,99","578,05","573,71","1,77B","-0,11%"
"26/04/2022","576,90","569,85","576,96","569,18","2,03B","1,06%"
"25/04/2022","570,86","563,79","572,35","558,23","2,11B","0,78%"
"22/04/2022","566,44","566,86","572,31","562,01","2,02B","-0,66%"
"21/04/2022","570,23","566,63","572,61","565,49","2,18B","1,16%"
"20/04/2022","563,70","558,40","566,72","557,12","2,79B","1,60%"
"19/04/2022","554,81","558,36","559,56","554,33","1,62B","-0,46%"
"18/04/2022","557,34","554,93","557,91","554,77","1,53B","0,69%"
"14/04/2022","553,54","558,79","559,41","553,25","1,79B","-0,88%"
"13/04/2022","558,47","556,66","559,22","554,94","2,13B","0,90%"
"12/04/2022","553,51","549,30","553,51","547,75","1,82B","0,79%"
"11/04/2022","549,19","557,54","557,54","548,51","1,81B","-1,48%"
"08/04/2022","557,45","554,81","558,53","553,12","1,76B","1,14%"
"07/04/2022","551,15","550,52","553,31","548,83","1,76B","0,33%"
"06/04/2022","549,35","552,25","553,43","547,94","1,63B","-0,99%"
"05/04/2022","554,83","553,12","554,83","550,83","1,42B","0,48%"
"04/04/2022","552,17","549,41","552,17","546,26","1,34B","0,58%"
"01/04/2022","548,96","548,89","549,46","544,20","1,88B","0,52%"
"31/03/2022","546,13","549,59","551,44","544,89","1,98B","-0,23%"
"30/03/2022","547,37","548,11","548,31","544,35","2,59B","0,48%"
"29/03/2022","544,75","549,70","551,64","544,31","2,05B","-0,84%"
"28/03/2022","549,37","543,74","549,87","542,34","2,33B","0,95%"
"25/03/2022","544,18","548,83","549,20","541,01","2,01B","-0,87%"
"24/03/2022","548,95","539,02","548,95","538,51","2,42B","1,53%"
"23/03/2022","540,70","542,04","543,10","537,72","2,09B","-0,03%"
"22/03/2022","540,88","539,00","541,19","537,59","2,24B","0,83%"
"21/03/2022","536,42","535,64","538,89","533,61","1,89B","-0,02%"
"18/03/2022","536,52","540,46","541,61","534,39","3,59B","-0,33%"
"17/03/2022","538,28","545,02","546,13","537,00","2,86B","-0,83%"
"16/03/2022","542,79","540,15","542,79","537,42","2,79B","1,19%"
"15/03/2022","536,42","539,87","542,49","534,35","2,56B","-0,29%"
"14/03/2022","537,97","538,48","540,34","534,86","2,69B","0,53%"
"11/03/2022","535,14","528,71","535,14","527,42","2,09B","0,09%"
"10/03/2022","534,68","537,99","538,38","528,76","2,75B","0,12%"
"09/03/2022","534,02","534,11","537,47","531,13","2,98B","0,56%"
"08/03/2022","531,06","534,86","541,52","529,71","4,80B","0,08%"
"07/03/2022","530,63","530,46","532,65","527,04","3,52B","-0,47%"
"04/03/2022","533,11","531,55","533,48","527,48","3,10B","1,84%"
"02/03/2022","523,51","532,73","534,30","522,42","2,20B","-0,97%"
"01/03/2022","528,63","539,44","540,47","528,63","3,06B","0,18%"
"25/02/2022","527,70","522,33","528,71","521,40","2,65B","1,26%"
"24/02/2022","521,12","525,16","527,95","514,77","3,04B","-1,15%"
"23/02/2022","527,20","522,75","527,20","521,27","1,87B","1,27%"
"22/02/2022","520,59","520,45","522,85","516,29","1,75B","-0,59%"
"21/02/2022","523,67","524,20","526,71","522,02","1,47B","0,00%"
"18/02/2022","523,68","520,36","525,23","517,61","1,62B","0,68%"
"17/02/2022","520,12","520,21","521,72","514,93","1,23B","-0,26%"
"16/02/2022","521,49","523,02","524,11","520,46","1,35B","0,07%"
"15/02/2022","521,13","515,82","521,13","513,67","1,47B","1,34%"
"14/02/2022","514,23","515,87","516,48","509,68","1,61B","-0,85%"
"11/02/2022","518,63","518,13","519,79","514,12","1,39B","-0,05%"
"10/02/2022","518,88","521,60","522,81","517,40","1,93B","0,22%"
"09/02/2022","517,73","515,35","519,12","512,64","1,76B","0,94%"
"08/02/2022","512,92","515,67","520,55","512,92","2,14B","-0,27%"
"07/02/2022","514,30","510,31","514,71","508,65","1,73B","1,28%"
"04/02/2022","507,80","506,78","508,36","504,66","1,48B","0,60%"
"03/02/2022","504,78","508,18","508,35","501,55","1,45B","-0,23%"
"02/02/2022","505,94","505,15","507,47","503,32","1,77B","0,73%"
"31/01/2022","502,30","509,46","509,46","502,30","740,86M","-1,16%"
"28/01/2022","508,18","508,20","509,20","504,78","658,98M","0,20%"
"27/01/2022","507,19","505,60","508,80","503,90","725,84M","-0,02%"
"26/01/2022","507,28","503,83","507,55","501,74","869,99M","0,93%"
"25/01/2022","502,60","505,09","505,35","497,74","932,93M","-1,04%"
"24/01/2022","507,87","510,53","511,21","506,43","717,54M","-1,14%"
"21/01/2022","513,72","504,86","513,72","502,11","604,31M","1,77%"
"20/01/2022","504,77","504,49","506,85","501,98","657,72M","0,51%"
"19/01/2022","502,21","505,12","505,54","501,26","731,05M","-0,66%"
"18/01/2022","505,56","508,52","509,60","498,55","805,19M","-0,34%"
"17/01/2022","507,30","512,06","512,11","504,80","629,15M","-0,48%"
"14/01/2022","509,73","507,57","511,05","505,44","642,61M","0,24%"
"13/01/2022","508,49","506,58","508,70","504,21","715,59M","0,75%"
"12/01/2022","504,69","504,69","506,24","501,02","649,90M","0,40%"
"11/01/2022","502,69","506,24","506,91","501,40","848,68M","-0,31%"
"10/01/2022","504,25","507,53","508,67","504,25","773,14M","-0,68%"
"07/01/2022","507,70","504,69","509,32","502,35","946,69M","1,00%"
"06/01/2022","502,69","503,34","503,94","496,97","760,98M","0,22%"
"05/01/2022","501,61","507,25","509,20","498,66","882,43M","-1,02%"
"04/01/2022","506,78","505,18","508,94","504,75","618,67M","0,58%"
"03/01/2022","503,84","497,79","505,30","497,61","571,98M","1,36%"
"30/12/2021","497,10","501,33","501,48","497,10","654,82M","-0,63%"
"29/12/2021","500,27","501,43","502,86","498,48","393,16M","-0,05%"
"28/12/2021","500,53","500,10","502,06","499,18","576,68M","0,41%"
"27/12/2021","498,48","498,83","499,95","497,29","464,73M","0,17%"
"24/12/2021","497,62","499,10","500,42","496,51","446,82M","-0,21%"
"23/12/2021","498,66","496,85","499,75","495,61","477,37M","0,63%"
"22/12/2021","495,55","502,17","502,88","495,55","552,21M","-0,84%"
"21/12/2021","499,76","498,48","502,30","497,83","587,00M","0,30%"
"20/12/2021","498,26","498,14","500,32","496,94","624,48M","-0,75%"
"17/12/2021","502,01","498,93","502,01","497,42","938,90M","0,18%"
"16/12/2021","501,11","507,33","508,05","500,13","907,79M","-0,66%"
"15/12/2021","504,44","501,86","507,46","501,04","738,84M","0,49%"
"14/12/2021","501,98","504,79","505,15","500,69","680,09M","-0,37%"
"13/12/2021","503,86","508,55","509,70","503,86","687,22M","-0,65%"
"10/12/2021","507,15","505,08","507,15","502,04","838,61M","-0,42%"
"09/12/2021","509,28","506,84","509,28","503,90","891,12M","0,90%"
"08/12/2021","504,74","508,77","509,09","503,69","814,70M","-0,54%"
"07/12/2021","507,50","505,03","507,50","504,46","878,93M","1,18%"
"06/12/2021","501,60","503,40","507,51","500,50","788,33M","-0,05%"
"03/12/2021","501,87","508,72","509,50","501,87","729,29M","-1,30%"
"02/12/2021","508,51","499,31","509,23","497,87","989,20M","2,07%"
"01/12/2021","498,20","499,18","506,23","497,14","1,22B","0,19%"
"30/11/2021","497,27","508,46","510,10","497,27","1,96B","-2,19%"
"29/11/2021","508,40","501,86","510,29","495,52","","1,11%"
"26/11/2021","502,82","514,15","514,18","501,50","1,37B","-2,43%"
"25/11/2021","515,37","513,43","519,63","512,78","1,02B","0,83%"
"24/11/2021","511,15","513,33","513,57","510,00","658,72M","0,07%"
"23/11/2021","510,80","512,74","514,86","509,67","1,84B","-0,56%"
"22/11/2021","513,67","515,71","517,88","509,92","1,66B","-0,03%"
"19/11/2021","513,84","505,79","514,48","505,35","1,48B","2,03%"
"18/11/2021","503,61","504,93","506,43","502,52","971,50M","-0,78%"
"17/11/2021","507,56","507,04","507,56","503,41","1,02B","0,59%"
"16/11/2021","504,58","498,64","505,33","498,31","1,13B","0,73%"
"15/11/2021","500,95","506,84","507,83","500,75","1,22B","-0,97%"
"12/11/2021","505,85","511,42","511,80","505,23","1,02B","-0,63%"
"11/11/2021","509,04","510,71","512,02","507,50","1,01B","-0,08%"
"10/11/2021","509,42","504,74","510,01","503,81","1,02B","0,77%"
"09/11/2021","505,50","505,92","507,57","503,70","1,10B","0,08%"
"08/11/2021","505,10","506,19","506,90","502,72","1,06B","0,26%"
"05/11/2021","503,79","505,21","505,74","499,38","1,19B","0,00%"
"04/11/2021","503,78","507,69","508,27","503,78","1,34B","0,24%"
"03/11/2021","502,60","496,49","504,02","495,32","1,09B","1,28%"
"02/11/2021","496,23","502,70","503,94","495,47","1,28B","-1,17%"
"01/11/2021","502,10","510,20","510,44","502,10","1,30B","-0,94%"
"29/10/2021","506,86","507,07","508,23","504,42","1,50B","1,03%"
"28/10/2021","501,72","506,20","508,63","500,56","1,76B","-1,44%"
"27/10/2021","509,04","513,90","514,03","507,63","1,52B","-0,83%"
"26/10/2021","513,30","512,40","515,95","511,08","1,34B","0,50%"
"25/10/2021","510,76","513,69","516,90","510,76","1,24B","-1,06%"
"22/10/2021","516,22","513,48","517,10","510,76","1,58B","0,19%"
"21/10/2021","515,24","520,76","521,76","512,34","2,58B","-0,64%"
"19/10/2021","518,56","520,32","521,09","513,39","1,56B","-0,09%"
"18/10/2021","519,01","519,72","522,45","516,52","2,10B","0,34%"
"15/10/2021","517,26","519,85","522,34","511,71","2,05B","-0,05%"
"14/10/2021","517,54","513,10","519,77","513,02","2,19B","1,21%"
"13/10/2021","511,36","505,53","515,69","505,18","2,25B","1,52%"
"12/10/2021","503,70","502,02","506,33","501,87","2,26B","0,40%"
"11/10/2021","501,70","500,68","502,85","497,94","1,81B","0,25%"
"08/10/2021","500,46","495,32","501,24","494,69","1,91B","1,73%"
"07/10/2021","491,94","493,26","496,23","490,38","2,67B","-0,38%"
"06/10/2021","493,81","483,08","496,26","482,07","2,78B","2,92%"
"05/10/2021","479,79","483,77","485,65","478,09","2,71B","-0,98%"
"04/10/2021","484,55","472,38","484,55","472,35","2,37B","2,75%"
"01/10/2021","471,60","474,21","474,73","469,23","2,05B","-0,94%"
"30/09/2021","476,06","464,80","476,06","464,60","1,89B","2,84%"
"29/09/2021","462,89","455,65","463,10","454,82","1,38B","1,22%"
"28/09/2021","457,33","459,24","459,85","456,68","1,63B","-0,19%"
"27/09/2021","458,20","460,01","461,34","456,51","1,32B","-0,59%"
"24/09/2021","460,94","460,50","463,16","458,60","1,80B","0,12%"
"23/09/2021","460,40","459,85","461,74","458,74","1,40B","0,35%"
"22/09/2021","458,77","452,76","459,56","452,59","1,33B","1,26%"
"21/09/2021","453,05","451,57","454,44","447,78","1,34B","-0,47%"
"20/09/2021","455,20","458,26","458,28","451,71","1,10B","-0,83%"
"17/09/2021","459,02","456,72","459,02","454,23","1,50B","0,03%"
"16/09/2021","458,86","463,08","463,65","457,72","1,09B","-0,49%"
"15/09/2021","461,14","462,65","463,37","459,56","1,34B","-0,50%"
"14/09/2021","463,44","462,88","463,88","461,15","1,62B","0,54%"
"13/09/2021","460,95","460,71","462,36","457,77","846,56M","-0,53%"
"10/09/2021","463,41","463,34","465,06","460,01","1,27B","-0,30%"
"09/09/2021","464,81","456,16","464,81","454,62","1,40B","1,92%"
"08/09/2021","456,05","464,09","464,74","453,21","1,26B","-1,60%"
"07/09/2021","463,47","466,83","467,27","462,92","922,69M","-0,40%"
"06/09/2021","465,35","467,29","468,39","463,52","1,45B","-0,01%"
"03/09/2021","465,41","460,32","465,41","457,32","1,14B","1,35%"
"02/09/2021","459,20","458,05","459,71","456,05","821,60M","0,35%"
"01/09/2021","457,61","461,76","462,40","457,29","1,02B","-0,68%"
"31/08/2021","460,77","461,18","461,89","457,07","1,33B","-0,06%"
"30/08/2021","461,06","452,83","461,06","452,69","1,17B","2,47%"
"27/08/2021","449,95","451,75","452,04","448,62","759,82M","-0,49%"
"26/08/2021","452,17","455,27","456,55","449,06","775,26M","-0,91%"
"25/08/2021","456,32","455,58","456,73","453,98","788,52M","0,28%"
"24/08/2021","455,04","459,33","459,82","450,17","1,07B","-0,81%"
"23/08/2021","458,77","455,97","458,77","455,74","1,09B","0,89%"
"20/08/2021","454,73","451,95","455,00","447,78","1,09B","0,52%"
"19/08/2021","452,38","461,24","461,64","449,70","1,44B","-2,19%"
"18/08/2021","462,49","456,33","463,75","454,67","1,77B","2,06%"
"16/08/2021","453,16","453,13","453,51","447,23","988,01M","0,18%"
"13/08/2021","452,34","451,48","453,68","449,32","876,21M","0,69%"
"12/08/2021","449,26","443,16","449,27","442,14","1,36B","1,64%"
"10/08/2021","442,02","443,82","444,84","437,88","1,01B","-0,04%"
"09/08/2021","442,18","448,92","449,46","439,67","979,76M","-1,54%"
"06/08/2021","449,10","456,59","457,31","448,33","980,15M","-1,10%"
"05/08/2021","454,08","450,73","456,27","449,79","1,49B","1,23%"
"04/08/2021","448,58","447,73","449,64","444,22","949,03M","0,55%"
"03/08/2021","446,11","443,26","447,99","442,50","1,15B","0,96%"
"02/08/2021","441,87","441,96","442,37","437,27","1,12B","0,84%"
"30/07/2021","438,19","446,16","447,54","438,19","1,64B","-1,28%"
"29/07/2021","443,87","445,66","446,25","443,39","1,21B","0,07%"
"28/07/2021","443,54","446,96","448,10","441,78","931,21M","-0,91%"
"27/07/2021","447,63","451,64","452,63","443,98","952,88M","-0,38%"
"26/07/2021","449,34","451,75","453,39","449,11","1,17B","-0,40%"
"23/07/2021","451,17","458,56","459,17","450,30","1,05B","-1,37%"
"22/07/2021","457,45","452,43","457,54","452,13","1,26B","1,88%"
"21/07/2021","449,00","449,64","452,24","448,07","1,15B","0,44%"
"19/07/2021","447,03","450,33","450,99","446,87","699,79M","-1,02%"
"16/07/2021","451,63","450,75","451,65","448,88","892,68M","0,70%"
"15/07/2021","448,51","442,76","448,61","441,95","938,54M","1,73%"
"14/07/2021","440,88","444,48","445,30","438,95","1,03B","-0,95%"
"13/07/2021","445,11","452,30","452,76","444,05","1,16B","-1,03%"
"12/07/2021","449,75","450,21","451,84","448,33","979,06M","0,50%"
"09/07/2021","447,52","447,36","448,85","445,97","1,00B","0,06%"
"08/07/2021","447,26","449,64","450,77","445,18","1,09B","-0,13%"
"07/07/2021","447,83","453,05","453,34","445,82","1,01B","-0,69%"
"06/07/2021","450,95","451,25","453,02","449,76","1,48B","0,35%"
"05/07/2021","449,38","454,27","454,88","447,58","899,55M","-1,05%"
"02/07/2021","454,17","454,25","456,52","452,38","929,03M","0,45%"
"01/07/2021","452,14","452,57","455,22","448,62","1,02B","0,40%"
"30/06/2021","450,35","448,14","453,22","448,13","1,30B","0,59%"
"29/06/2021","447,69","446,26","451,50","445,96","1,06B","0,53%"
"28/06/2021","445,33","454,09","455,31","445,33","1,10B","-2,12%"
"25/06/2021","454,96","457,70","459,22","454,96","957,12M","-0,14%"
"24/06/2021","455,60","460,52","460,77","455,45","841,46M","-0,60%"
"23/06/2021","458,35","464,56","466,29","458,35","1,01B","-0,98%"
"22/06/2021","462,88","459,61","466,63","457,94","1,23B","0,99%"
"21/06/2021","458,36","453,66","461,84","448,56","1,62B","-0,56%"
"18/06/2021","460,95","468,03","468,38","457,37","2,33B","-1,60%"
"17/06/2021","468,44","470,36","472,02","467,30","1,52B","-0,93%"
"16/06/2021","472,82","475,43","476,50","471,74","1,72B","-1,13%"
"15/06/2021","478,24","479,60","479,85","475,45","1,40B","-0,14%"
"14/06/2021","478,90","484,96","485,06","477,81","1,18B","-0,78%"
"11/06/2021","482,65","486,60","487,15","481,82","1,77B","-0,44%"
"10/06/2021","484,79","483,11","485,45","481,07","1,31B","0,72%"
"09/06/2021","481,30","474,34","481,36","473,91","1,19B","0,47%"
"08/06/2021","479,04","486,05","486,05","477,64","1,26B","-1,25%"
"07/06/2021","485,11","488,11","488,87","481,73","1,19B","-0,24%"
"04/06/2021","486,28","491,35","491,36","483,15","1,18B","-1,07%"
"03/06/2021","491,55","483,90","491,55","479,79","1,46B","1,75%"
"02/06/2021","483,08","482,45","483,70","479,08","2,16B","1,76%"
"31/05/2021","474,73","465,39","475,63","464,65","1,66B","2,65%"
"28/05/2021","462,49","465,75","467,15","462,31","1,33B","0,31%"
"27/05/2021","461,05","466,58","469,96","461,05","3,98B","-0,12%"
"25/05/2021","461,59","459,53","465,44","458,50","1,40B","0,77%"
"24/05/2021","458,07","460,70","461,54","457,29","969,97M","0,07%"
"21/05/2021","457,74","463,34","464,09","454,78","1,12B","-0,47%"
"20/05/2021","459,89","454,76","461,81","453,89","1,50B","1,07%"
"19/05/2021","455,04","459,14","460,70","453,45","955,66M","-1,50%"
"18/05/2021","461,96","463,09","464,83","458,35","1,04B","-0,19%"
"17/05/2021","462,85","471,26","471,72","460,86","1,59B","-1,35%"
"11/05/2021","469,20","470,83","471,05","466,17","1,05B","-0,59%"
"10/05/2021","471,98","470,00","474,00","469,33","1,05B","0,84%"
"07/05/2021","468,07","475,21","475,48","467,61","1,03B","-0,98%"
"06/05/2021","472,68","475,67","477,23","470,62","1,09B","-0,20%"
"05/05/2021","473,63","474,22","475,43","472,47","1,11B","0,23%"
"04/05/2021","472,56","470,64","472,86","468,83","1,07B","0,56%"
"03/05/2021","469,94","475,48","476,22","468,90","975,26M","-1,17%"
"30/04/2021","475,49","479,77","480,59","474,36","1,18B","-0,54%"
"29/04/2021","478,08","478,12","478,90","475,43","1,28B","0,84%"
"28/04/2021","474,10","474,08","476,77","473,27","1,09B","-0,07%"
"27/04/2021","474,41","477,68","479,44","473,00","1,20B","-0,12%"
"26/04/2021","474,98","480,76","481,87","474,07","1,06B","-1,25%"
"23/04/2021","481,01","476,89","482,02","474,97","948,04M","1,00%"
"22/04/2021","476,24","476,99","479,48","475,61","1,00B","0,22%"
"21/04/2021","475,18","476,04","479,10","475,17","859,51M","-1,04%"
"20/04/2021","480,19","477,19","480,19","475,79","863,63M","-0,09%"
"19/04/2021","480,61","482,88","483,74","478,24","879,45M","-0,57%"
"16/04/2021","483,36","487,07","487,29","480,70","1,17B","-0,10%"
"15/04/2021","483,86","482,61","483,86","477,57","930,83M","0,45%"
"14/04/2021","481,69","474,86","482,19","472,53","1,22B","2,59%"
"13/04/2021","469,51","468,80","471,59","464,83","1,38B","0,01%"
"12/04/2021","469,47","482,91","483,33","468,79","1,26B","-2,61%"
"09/04/2021","482,07","485,63","487,17","482,07","1,14B","0,01%"
"08/04/2021","482,02","480,80","483,03","479,40","1,10B","0,22%"
"07/04/2021","480,98","480,27","481,60","475,99","928,79M","0,49%"
"06/04/2021","478,63","477,42","479,77","474,24","1,02B","0,41%"
"05/04/2021","476,65","484,52","484,98","476,65","945,52M","-0,68%"
"01/04/2021","479,93","480,81","483,39","477,14","1,11B","-0,19%"
"31/03/2021","480,83","486,50","487,23","471,90","1,74B","-1,44%"
"30/03/2021","487,88","496,29","497,58","486,28","1,23B","-1,82%"
"29/03/2021","496,92","501,17","503,64","496,82","1,22B","-0,63%"
"26/03/2021","500,08","495,35","500,30","491,12","1,47B","1,51%"
"25/03/2021","492,65","494,34","496,45","487,65","1,15B","-0,16%"
"24/03/2021","493,45","498,34","499,24","492,92","1,22B","-1,52%"
"23/03/2021","501,08","506,55","507,32","499,95","1,14B","-0,23%"
"22/03/2021","502,22","509,14","509,61","501,63","1,14B","-1,55%"
"19/03/2021","510,10","508,66","510,10","504,32","1,94B","0,15%"
"18/03/2021","509,34","504,57","510,96","504,01","1,25B","1,96%"
"17/03/2021","499,57","502,80","503,18","498,33","993,93M","-0,34%"
"16/03/2021","501,29","505,01","506,08","500,52","1,21B","-0,08%"
"15/03/2021","501,70","508,41","509,24","501,70","1,32B","-0,90%"
"12/03/2021","506,28","507,52","508,31","502,71","1,82B","1,17%"
"10/03/2021","500,43","499,53","501,44","495,89","1,08B","1,16%"
"09/03/2021","494,72","503,04","503,43","493,10","1,64B","-1,29%"
"08/03/2021","501,18","508,36","509,14","500,72","1,35B","-0,26%"
"05/03/2021","502,51","502,20","506,45","500,64","1,83B","-0,71%"
"04/03/2021","506,10","514,16","514,54","505,14","1,84B","-2,03%"
"03/03/2021","516,61","518,97","519,20","512,24","1,23B","0,09%"
"02/03/2021","516,13","519,49","520,72","514,67","1,77B","0,08%"
"01/03/2021","515,72","509,45","515,72","506,89","1,77B","2,42%"
"26/02/2021","503,52","500,95","507,64","498,88","3,36B","-0,74%"
"25/02/2021","507,30","510,76","512,04","505,71","1,81B","0,18%"
"24/02/2021","506,40","512,11","514,08","506,06","1,96B","-0,76%"
"23/02/2021","510,29","506,63","511,51","504,99","1,95B","1,01%"
"22/02/2021","505,17","510,27","511,50","505,17","2,46B","-0,12%"
"19/02/2021","505,80","498,90","505,80","498,86","1,53B","1,21%"
"18/02/2021","499,73","503,02","508,36","499,73","1,73B","-0,55%"
"17/02/2021","502,51","510,08","510,71","501,13","1,83B","-1,43%"
"16/02/2021","509,80","511,66","512,31","508,08","1,63B","0,09%"
"15/02/2021","509,32","510,52","514,05","508,88","1,67B","0,50%"
"11/02/2021","506,77","509,69","510,22","505,14","1,56B","-0,01%"
"10/02/2021","506,83","506,96","508,77","503,89","2,63B","0,39%"
"09/02/2021","504,87","511,68","516,99","504,08","2,75B","-0,81%"
"08/02/2021","508,98","513,31","514,75","508,38","2,21B","0,25%"
"05/02/2021","507,69","510,53","510,86","503,30","2,36B","0,31%"
"04/02/2021","506,11","505,89","513,97","502,54","2,41B","1,01%"
"03/02/2021","501,05","506,64","509,59","500,71","2,78B","0,19%"
"02/02/2021","500,08","512,00","512,43","497,90","2,81B","-0,96%"
"01/02/2021","504,93","485,72","506,64","472,49","4,56B","3,76%"
"29/01/2021","486,62","510,08","515,14","485,12","1,70B","-3,69%"
"28/01/2021","505,28","510,40","519,33","502,23","1,49B","-2,28%"
"27/01/2021","517,09","522,49","523,23","507,82","1,46B","-0,60%"
"26/01/2021","520,23","531,25","532,91","519,40","1,61B","-2,16%"
"25/01/2021","531,72","535,84","535,93","520,40","1,25B","-0,39%"
"22/01/2021","533,81","543,59","544,55","532,28","1,31B","-1,69%"
"21/01/2021","542,99","551,38","553,06","541,92","1,16B","-0,46%"
"20/01/2021","545,48","534,31","546,96","532,45","1,53B","2,45%"
"19/01/2021","532,44","540,86","542,51","529,45","1,34B","-0,76%"
"18/01/2021","536,50","529,07","538,22","525,47","1,50B","1,11%"
"15/01/2021","530,59","541,96","543,91","527,60","2,14B","-1,65%"
"14/01/2021","539,48","541,44","544,28","536,71","1,91B","0,03%"
"13/01/2021","539,34","542,03","543,29","535,13","1,71B","0,65%"
"12/01/2021","535,84","539,93","543,56","534,91","2,29B","-0,53%"
"11/01/2021","538,70","529,28","539,29","529,02","2,42B","2,38%"
"08/01/2021","526,18","519,15","528,02","517,66","1,61B","2,45%"
"07/01/2021","513,57","511,12","515,09","510,43","1,01B","1,19%"
"06/01/2021","507,52","515,50","516,96","499,39","1,31B","-1,50%"
"05/01/2021","515,27","514,53","516,41","510,15","1,06B","0,17%"
"04/01/2021","514,40","504,01","514,98","497,64","1,03B","2,42%"
"30/12/2020","502,27","509,67","509,75","501,89","1,25B","-1,08%"
"29/12/2020","507,76","516,16","518,16","506,49","1,04B","-1,02%"
"28/12/2020","512,99","510,62","514,10","499,65","986,48M","2,18%"
"23/12/2020","502,05","508,09","511,99","487,63","1,50B","-0,38%"
"22/12/2020","503,98","518,04","520,27","502,73","1,80B","-3,23%"
"21/12/2020","520,82","522,51","524,86","517,69","1,67B","0,37%"
"18/12/2020","518,90","521,98","523,58","518,11","1,78B","-0,97%"
"17/12/2020","523,97","527,36","528,90","520,52","1,83B","-0,29%"
"16/12/2020","525,46","518,13","526,78","518,13","1,99B","2,48%"
"15/12/2020","512,75","509,41","512,75","504,73","1,72B","0,65%"
"14/12/2020","509,45","505,92","509,89","504,55","1,62B","1,25%"
"11/12/2020","503,16","507,82","509,85","502,69","2,05B","-0,30%"
"10/12/2020","504,66","509,83","511,18","502,68","2,52B","-0,17%"
"08/12/2020","505,51","508,16","508,67","501,82","1,59B","-0,24%"
"07/12/2020","506,71","502,34","507,77","501,93","1,48B","2,14%"
"04/12/2020","496,12","498,24","498,41","493,05","1,28B","-0,55%"
"03/12/2020","498,88","502,16","503,45","496,86","1,48B","-0,18%"
"02/12/2020","499,80","495,27","499,80","491,40","1,71B","1,79%"
"01/12/2020","491,00","482,58","493,47","477,34","1,90B","2,55%"
"30/11/2020","478,79","498,93","500,29","473,11","3,99B","-4,23%"
"27/11/2020","499,93","503,46","504,29","498,39","1,42B","-0,30%"
"26/11/2020","501,41","490,71","501,41","490,71","1,88B","1,85%"
"25/11/2020","492,32","499,69","502,50","492,32","2,24B","-0,40%"
"24/11/2020","494,28","494,76","495,99","491,05","1,79B","0,68%"
"23/11/2020","490,95","482,95","491,34","482,95","1,29B","1,94%"
"20/11/2020","481,63","483,38","486,52","479,92","1,27B","-0,15%"
"19/11/2020","482,37","479,28","485,75","478,41","1,53B","0,07%"
"18/11/2020","482,02","479,64","484,13","479,64","1,39B","0,49%"
"17/11/2020","479,69","478,69","483,22","476,96","1,80B","0,88%"
"16/11/2020","475,49","478,34","480,60","472,43","1,22B","0,49%"
"13/11/2020","473,18","471,24","474,42","468,84","1,08B","0,04%"
"12/11/2020","472,98","478,15","478,43","471,45","1,18B","-1,54%"
"11/11/2020","480,38","473,13","480,46","472,05","2,33B","2,20%"
"10/11/2020","470,05","467,12","470,98","463,89","2,43B","2,98%"
"09/11/2020","456,43","459,27","460,79","450,96","1,29B","0,64%"
"06/11/2020","453,51","445,18","453,91","441,00","1,47B","2,35%"
"05/11/2020","443,10","431,93","443,37","431,05","1,44B","4,53%"
"04/11/2020","423,88","432,69","434,36","423,88","862,36M","-1,66%"
"03/11/2020","431,04","430,07","431,23","428,00","819,66M","0,75%"
"02/11/2020","427,83","425,71","429,55","421,62","2,00B","-0,21%"
"27/10/2020","428,71","429,16","433,05","427,47","1,56B","-0,50%"
"26/10/2020","430,88","428,76","433,34","428,07","1,38B","0,60%"
"23/10/2020","428,30","431,25","431,33","426,11","1,57B","0,04%"
"22/10/2020","428,15","425,40","428,67","423,20","1,78B","0,19%"
"21/10/2020","427,33","429,45","431,12","426,16","2,29B","0,09%"
"20/10/2020","426,95","428,70","430,19","424,73","1,90B","-0,51%"
"19/10/2020","429,15","427,68","429,15","424,44","2,05B","0,88%"
"16/10/2020","425,42","426,23","426,92","420,68","1,55B","0,09%"
"15/10/2020","425,04","432,34","432,92","424,93","2,71B","-1,83%"
"14/10/2020","432,98","426,59","433,14","425,24","2,79B","1,59%"
"13/10/2020","426,19","422,67","426,37","418,16","1,20B","0,82%"
"12/10/2020","422,72","423,06","424,31","421,68","1,10B","0,64%"
"09/10/2020","420,02","419,11","421,09","417,78","919,40M","0,12%"
"08/10/2020","419,54","418,16","419,54","415,05","1,07B","0,81%"
"07/10/2020","416,18","412,99","417,30","411,45","1,04B","0,03%"
"06/10/2020","416,07","417,72","419,38","415,59","1,14B","1,15%"
"05/10/2020","411,32","411,94","413,23","407,49","700,81M","0,54%"
"02/10/2020","409,10","415,06","415,13","404,03","1,07B","-1,40%"
"01/10/2020","414,89","405,76","414,89","405,64","1,11B","3,38%"
"30/09/2020","401,32","406,56","407,72","398,08","1,18B","-0,79%"
"29/09/2020","404,52","411,90","413,92","402,84","1,02B","-0,99%"
"28/09/2020","408,57","418,02","420,69","408,57","911,93M","-1,66%"
"25/09/2020","415,49","407,35","416,13","404,44","1,18B","2,76%"
"24/09/2020","404,32","406,25","410,12","401,88","991,23M","-1,90%"
"23/09/2020","412,17","415,27","418,45","407,03","1,04B","-0,30%"
"22/09/2020","413,42","412,36","418,72","411,05","957,47M","-1,58%"
"21/09/2020","420,08","426,94","427,79","418,40","838,56M","-1,67%"
"18/09/2020","427,20","424,83","428,03","421,80","2,00B","0,58%"
"17/09/2020","424,72","428,17","432,14","421,98","930,27M","-0,81%"
"16/09/2020","428,20","434,81","435,70","427,60","813,40M","-1,17%"
"15/09/2020","433,25","442,12","443,54","431,45","1,17B","-1,79%"
"14/09/2020","441,16","432,69","441,16","432,42","1,43B","3,41%"
"11/09/2020","426,63","400,01","427,96","398,69","2,43B","3,04%"
"10/09/2020","414,03","430,22","430,25","414,03","2,14B","-6,02%"
"09/09/2020","440,56","448,29","448,31","439,59","1,40B","-2,66%"
"08/09/2020","452,58","451,56","453,81","451,56","955,79M","0,32%"
"07/09/2020","451,14","451,32","452,60","446,65","921,35M","-0,13%"
"04/09/2020","451,73","456,98","456,68","446,26","1,14B","-1,15%"
"03/09/2020","456,98","461,56","463,76","453,09","1,31B","-0,99%"
"02/09/2020","461,56","460,16","463,77","458,35","1,27B","0,30%"
"01/09/2020","460,16","450,40","460,16","448,27","1,33B","2,17%"
"31/08/2020","450,40","464,10","466,67","449,70","2,15B","-2,95%"
"28/08/2020","464,10","467,01","468,23","461,63","1,21B","-0,62%"
"27/08/2020","467,01","465,44","468,60","462,12","1,07B","0,34%"
"26/08/2020","465,44","465,85","467,38","463,07","1,28B","-0,09%"
"25/08/2020","465,85","457,61","466,44","457,75","1,26B","1,80%"
"24/08/2020","457,61","457,02","459,74","454,43","1,29B","0,13%"
"19/08/2020","457,02","459,44","464,02","456,57","1,56B","-0,53%"
"18/08/2020","459,44","453,07","462,13","452,48","2,11B","1,40%"
"14/08/2020","453,07","452,11","454,08","449,61","1,51B","0,21%"
"13/08/2020","452,11","451,52","457,09","449,24","1,93B","0,13%"
"12/08/2020","451,52","443,54","452,45","442,50","2,50B","1,80%"
"11/08/2020","443,54","440,53","446,09","440,55","1,76B","0,68%"
"10/08/2020","440,53","440,09","441,93","438,25","1,17B","0,10%"
"07/08/2020","440,09","442,86","443,41","436,31","2,46B","-0,62%"
"06/08/2020","442,86","437,51","444,07","437,51","1,86B","1,22%"
"05/08/2020","437,51","431,11","437,97","428,40","1,64B","1,49%"
"04/08/2020","431,11","422,63","431,11","422,69","1,58B","2,01%"
"03/08/2020","422,63","438,28","439,09","414,99","2,30B","-3,57%"
"30/07/2020","438,28","433,90","438,28","432,27","1,82B","1,01%"
"29/07/2020","433,90","436,70","436,97","433,22","1,12B","-0,64%"
"28/07/2020","436,70","437,07","440,84","434,85","1,21B","-0,08%"
"27/07/2020","437,07","431,88","437,07","431,45","1,17B","1,20%"
"24/07/2020","431,88","440,29","440,51","431,88","1,41B","-1,91%"
"23/07/2020","440,29","436,61","443,17","436,61","1,85B","0,84%"
"22/07/2020","436,61","436,95","440,56","435,27","1,91B","-0,08%"
"21/07/2020","436,95","429,02","440,70","428,68","1,78B","1,85%"
"20/07/2020","429,02","432,69","435,28","426,48","1,04B","-0,85%"
"17/07/2020","432,69","435,81","436,93","432,69","1,08B","-0,72%"
"16/07/2020","435,81","433,32","437,71","433,32","1,22B","0,58%"
"15/07/2020","433,32","434,24","439,13","433,11","1,25B","-0,21%"
"14/07/2020","434,24","431,91","435,92","431,24","1,39B","0,54%"
"13/07/2020","431,91","427,73","433,45","426,53","1,23B","0,98%"
"10/07/2020","427,73","430,43","432,92","427,73","1,06B","-0,63%"
"09/07/2020","430,43","434,58","438,88","430,43","1,72B","-0,95%"
"08/07/2020","434,58","422,78","435,80","422,78","2,00B","2,79%"
"07/07/2020","422,78","422,20","425,73","421,98","1,59B","0,14%"
"06/07/2020","422,20","420,07","424,33","419,97","1,34B","0,51%"
"03/07/2020","420,07","419,80","422,92","419,24","1,36B","0,06%"
"02/07/2020","419,80","414,43","419,80","414,43","1,68B","1,30%"
"01/07/2020","414,43","412,52","415,23","411,17","1,05B","0,46%"
"30/06/2020","412,52","414,65","418,14","412,52","1,56B","-0,51%"
"29/06/2020","414,65","415,18","416,39","410,56","1,15B","-0,13%"
"26/06/2020","415,18","415,46","420,86","414,43","1,39B","-0,07%"
"25/06/2020","415,46","421,76","421,76","413,70","1,32B","-1,49%"
"24/06/2020","421,76","411,32","423,74","411,32","2,12B","2,54%"
"23/06/2020","411,32","415,42","415,92","410,34","1,19B","-0,99%"
"22/06/2020","415,42","418,79","420,00","413,76","1,17B","-0,81%"
"19/06/2020","418,79","414,96","421,48","414,96","1,54B","0,92%"
"18/06/2020","414,96","422,95","424,67","414,96","1,66B","-1,89%"
"17/06/2020","422,95","424,05","427,70","420,68","1,84B","-0,26%"
"16/06/2020","424,05","403,98","424,84","403,98","2,20B","4,97%"
"15/06/2020","403,98","410,90","415,48","402,92","1,96B","-1,68%"
"12/06/2020","410,90","407,29","411,58","391,44","2,56B","0,88%"
"11/06/2020","407,29","415,04","417,05","402,31","2,20B","-1,87%"
"10/06/2020","415,04","428,07","428,24","411,97","2,57B","-3,04%"
"09/06/2020","428,07","434,45","442,19","428,07","2,46B","-1,47%"
"08/06/2020","434,45","420,23","439,30","420,23","2,97B","3,38%"
"05/06/2020","420,23","418,17","421,68","408,82","2,33B","0,49%"
"04/06/2020","418,17","422,07","430,49","415,72","3,09B","-0,93%"
"03/06/2020","422,07","411,55","423,67","410,11","3,70B","2,56%"
"02/06/2020","411,55","398,46","416,48","398,46","2,86B","3,29%"
"29/05/2020","398,46","388,47","398,46","386,59","3,98B","2,57%"
"28/05/2020","388,47","378,70","391,92","378,39","2,68B","2,58%"
"27/05/2020","378,70","377,24","378,85","373,83","1,71B","0,39%"
"26/05/2020","377,24","368,37","378,62","367,77","1,63B","2,41%"
"20/05/2020","368,37","367,33","370,14","363,67","1,30B","0,29%"
"19/05/2020","367,33","361,32","374,62","361,32","1,70B","1,66%"
"18/05/2020","361,32","359,96","363,24","357,64","1,45B","0,38%"
"15/05/2020","359,96","362,70","366,02","355,37","1,92B","-0,76%"
"14/05/2020","362,70","370,03","370,38","360,61","1,83B","-1,98%"
"13/05/2020","370,03","373,29","373,29","365,78","1,38B","-0,87%"
"12/05/2020","373,29","380,62","381,57","369,65","1,55B","-1,93%"
"11/05/2020","380,62","375,61","382,14","375,61","1,41B","1,34%"
"08/05/2020","375,61","376,59","379,75","374,49","1,74B","-0,26%"
"06/05/2020","376,59","378,52","380,46","374,77","1,25B","-0,51%"
"05/05/2020","378,52","377,94","385,15","376,57","1,13B","0,15%"
"04/05/2020","377,94","391,78","391,78","374,19","1,18B","-3,53%"
"30/04/2020","391,78","373,33","393,94","373,33","1,98B","4,94%"
"29/04/2020","373,33","367,96","373,73","367,03","1,17B","1,46%"
"28/04/2020","367,96","367,58","369,63","364,61","1,18B","0,10%"
"27/04/2020","367,58","363,93","369,85","362,85","1,02B","1,00%"
"24/04/2020","363,93","375,39","375,67","363,93","1,39B","-3,05%"
"23/04/2020","375,39","373,58","381,10","373,58","1,45B","0,48%"
"22/04/2020","373,58","365,08","376,63","358,21","1,48B","2,33%"
"21/04/2020","365,08","373,06","373,06","364,03","1,03B","-2,14%"
"20/04/2020","373,06","379,78","383,96","373,06","1,14B","-1,77%"
"17/04/2020","379,78","362,24","380,72","362,24","1,64B","4,84%"
"16/04/2020","362,24","380,19","380,19","361,02","1,57B","-4,72%"
"15/04/2020","380,19","390,70","395,46","378,37","1,69B","-2,69%"
"14/04/2020","390,70","380,78","390,70","380,78","1,51B","2,61%"
"13/04/2020","380,78","384,79","386,27","377,98","935,32M","-1,04%"
"09/04/2020","384,79","384,05","389,23","376,50","1,50B","0,19%"
"08/04/2020","384,05","401,46","401,64","379,59","1,45B","-4,34%"
"07/04/2020","401,46","406,28","424,24","395,30","2,59B","-1,18%"
"06/04/2020","406,28","389,64","406,28","389,64","2,04B","4,27%"
"03/04/2020","389,64","382,05","389,74","381,70","1,62B","1,99%"
"02/04/2020","382,05","376,11","382,05","366,26","1,45B","1,58%"
"01/04/2020","376,11","383,01","394,43","371,72","1,65B","-1,80%"
"31/03/2020","383,01","371,57","389,49","371,57","1,77B","3,08%"
"30/03/2020","371,57","386,54","386,54","361,23","1,04B","-3,87%"
"27/03/2020","386,54","359,55","403,52","359,55","3,15B","7,51%"
"26/03/2020","359,55","311,88","364,37","311,24","3,35B","15,29%"
"24/03/2020","311,88","321,35","338,91","311,70","2,18B","-2,95%"
"23/03/2020","321,35","344,17","344,17","321,01","912,08M","-6,63%"
"20/03/2020","344,17","336,48","353,52","315,15","2,87B","2,29%"
"19/03/2020","336,48","360,59","360,59","335,86","814,68M","-6,69%"
"18/03/2020","360,59","375,50","379,12","355,49","1,41B","-3,97%"
"17/03/2020","375,50","402,32","403,55","375,35","1,24B","-6,67%"
"16/03/2020","402,32","427,17","426,63","400,93","1,01B","-5,82%"
"13/03/2020","427,17","423,28","432,81","394,60","1,83B","0,92%"
"12/03/2020","423,28","434,48","439,29","423,28","1,13B","-5,92%"
"11/03/2020","449,90","457,65","461,11","444,84","1,16B","-1,34%"
"10/03/2020","456,02","447,73","464,63","447,72","1,25B","2,36%"
"09/03/2020","445,51","466,72","468,74","445,51","1,25B","-8,28%"
"06/03/2020","485,73","494,10","494,73","485,73","804,86M","-3,55%"
"05/03/2020","503,62","509,97","511,89","499,58","929,37M","-0,24%"
"04/03/2020","504,85","488,99","505,77","488,18","1,17B","3,51%"
"03/03/2020","487,71","479,29","492,82","478,23","1,22B","3,82%"
"02/03/2020","469,75","480,89","485,73","469,75","1,13B","-2,21%"
"28/02/2020","480,39","472,80","481,31","462,00","1,55B","-1,52%"
"27/02/2020","487,80","503,03","503,32","486,29","1,16B","-3,25%"
"26/02/2020","504,16","510,02","511,02","504,16","1,08B","-2,04%"
"25/02/2020","514,64","511,56","518,25","510,26","819,33M","-0,06%"
"24/02/2020","514,97","518,37","522,22","513,34","810,05M","-1,66%"
"21/02/2020","523,64","529,02","529,58","522,56","832,47M","-1,08%"
"20/02/2020","529,34","528,57","530,80","527,28","813,04M","0,52%"
"19/02/2020","526,61","523,95","526,73","523,75","815,75M","0,91%"
"18/02/2020","521,85","519,83","526,11","519,59","756,33M","0,09%"
"17/02/2020","521,39","521,03","523,65","519,63","599,32M","-0,05%"
"14/02/2020","521,63","518,68","524,16","517,51","709,93M","0,05%"
"13/02/2020","521,37","525,92","526,77","520,15","723,48M","-0,62%"
"12/02/2020","524,63","528,68","529,34","523,29","795,76M","-0,70%"
"11/02/2020","528,32","531,22","532,49","526,90","585,51M","-0,21%"
"10/02/2020","529,44","532,85","533,34","526,46","766,09M","-0,82%"
"07/02/2020","533,81","534,15","535,32","532,83","734,15M","0,05%"
"06/02/2020","533,55","538,25","538,93","532,20","803,46M","-0,17%"
"05/02/2020","534,48","532,24","534,48","527,46","903,41M","1,22%"
"04/02/2020","528,05","531,93","531,93","526,04","924,64M","1,12%"
"03/02/2020","522,20","523,71","529,05","520,45","813,45M","-0,90%"
"31/01/2020","526,94","543,25","543,42","526,94","504,08M","-2,62%"
"30/01/2020","541,12","550,28","550,31","540,86","315,61M","-1,22%"
"29/01/2020","547,82","549,38","552,57","546,74","348,77M","0,01%"
"28/01/2020","547,77","546,09","548,53","541,77","474,48M","-0,33%"
"27/01/2020","549,56","560,08","560,19","549,47","423,54M","-1,95%"
"24/01/2020","560,50","559,00","561,94","557,23","239,41M","0,07%"
"23/01/2020","560,12","559,68","560,57","557,15","348,07M","0,36%"
"22/01/2020","558,10","559,75","561,22","557,26","445,86M","-0,09%"
"21/01/2020","558,60","558,80","559,78","555,31","374,23M","0,21%"
"20/01/2020","557,44","564,91","565,23","556,57","448,67M","-0,79%"
"17/01/2020","561,88","560,74","561,91","558,09","371,36M","0,40%"
"16/01/2020","559,65","558,85","561,41","555,54","387,95M","-0,06%"
"15/01/2020","560,00","563,98","566,21","556,23","547,38M","-0,68%"
"14/01/2020","563,85","561,53","563,85","559,84","519,46M","0,69%"
"13/01/2020","560,01","558,02","560,01","556,34","582,52M","0,74%"
"10/01/2020","555,90","557,00","557,52","554,91","556,76M","0,14%"
"09/01/2020","555,10","552,38","555,12","551,16","454,42M","1,11%"
"08/01/2020","549,01","549,78","552,11","548,09","654,67M","-0,90%"
"07/01/2020","554,00","553,57","554,91","550,66","451,01M","0,42%"
"06/01/2020","551,66","552,72","554,92","549,14","585,88M","-1,07%"
"03/01/2020","557,65","555,22","557,65","552,95","608,64M","0,95%"
"02/01/2020","552,40","555,28","555,51","549,88","296,24M","-0,26%"